Time,Household,Peer,X_p
2021-04-01 00:00:00+00:00,H19,H19,0.0
2021-04-01 00:00:00+00:00,H19,H26,0.0
2021-04-01 00:00:00+00:00,H19,H49,0.0
2021-04-01 00:00:00+00:00,H19,H50,0.0
2021-04-01 00:00:00+00:00,H19,H68,0.0
2021-04-01 00:00:00+00:00,H19,H97,0.0
2021-04-01 00:00:00+00:00,H19,H98,0.0
2021-04-01 00:00:00+00:00,H26,H19,0.0
2021-04-01 00:00:00+00:00,H26,H26,0.0
2021-04-01 00:00:00+00:00,H26,H49,0.0
2021-04-01 00:00:00+00:00,H26,H50,0.0
2021-04-01 00:00:00+00:00,H26,H68,0.0
2021-04-01 00:00:00+00:00,H26,H97,0.0
2021-04-01 00:00:00+00:00,H26,H98,0.0
2021-04-01 00:00:00+00:00,H49,H19,0.0
2021-04-01 00:00:00+00:00,H49,H26,0.0
2021-04-01 00:00:00+00:00,H49,H49,0.0
2021-04-01 00:00:00+00:00,H49,H50,0.0
2021-04-01 00:00:00+00:00,H49,H68,0.0
2021-04-01 00:00:00+00:00,H49,H97,0.0
2021-04-01 00:00:00+00:00,H49,H98,0.0
2021-04-01 00:00:00+00:00,H50,H19,0.0
2021-04-01 00:00:00+00:00,H50,H26,0.0
2021-04-01 00:00:00+00:00,H50,H49,0.0
2021-04-01 00:00:00+00:00,H50,H50,0.0
2021-04-01 00:00:00+00:00,H50,H68,0.0
2021-04-01 00:00:00+00:00,H50,H97,0.0
2021-04-01 00:00:00+00:00,H50,H98,0.0
2021-04-01 00:00:00+00:00,H68,H19,0.0
2021-04-01 00:00:00+00:00,H68,H26,0.0
2021-04-01 00:00:00+00:00,H68,H49,0.0
2021-04-01 00:00:00+00:00,H68,H50,0.0
2021-04-01 00:00:00+00:00,H68,H68,0.0
2021-04-01 00:00:00+00:00,H68,H97,0.0
2021-04-01 00:00:00+00:00,H68,H98,0.0
2021-04-01 00:00:00+00:00,H97,H19,0.0
2021-04-01 00:00:00+00:00,H97,H26,0.0
2021-04-01 00:00:00+00:00,H97,H49,0.0
2021-04-01 00:00:00+00:00,H97,H50,0.0
2021-04-01 00:00:00+00:00,H97,H68,0.0
2021-04-01 00:00:00+00:00,H97,H97,0.0
2021-04-01 00:00:00+00:00,H97,H98,0.0
2021-04-01 00:00:00+00:00,H98,H19,0.0
2021-04-01 00:00:00+00:00,H98,H26,0.0
2021-04-01 00:00:00+00:00,H98,H49,0.0
2021-04-01 00:00:00+00:00,H98,H50,0.0
2021-04-01 00:00:00+00:00,H98,H68,0.0
2021-04-01 00:00:00+00:00,H98,H97,0.0
2021-04-01 00:00:00+00:00,H98,H98,0.0
2021-04-01 01:00:00+00:00,H19,H19,0.0
2021-04-01 01:00:00+00:00,H19,H26,0.0
2021-04-01 01:00:00+00:00,H19,H49,0.0
2021-04-01 01:00:00+00:00,H19,H50,0.0
2021-04-01 01:00:00+00:00,H19,H68,0.0
2021-04-01 01:00:00+00:00,H19,H97,0.0
2021-04-01 01:00:00+00:00,H19,H98,0.0
2021-04-01 01:00:00+00:00,H26,H19,0.0
2021-04-01 01:00:00+00:00,H26,H26,0.0
2021-04-01 01:00:00+00:00,H26,H49,0.0
2021-04-01 01:00:00+00:00,H26,H50,0.0
2021-04-01 01:00:00+00:00,H26,H68,0.0
2021-04-01 01:00:00+00:00,H26,H97,0.0
2021-04-01 01:00:00+00:00,H26,H98,0.0
2021-04-01 01:00:00+00:00,H49,H19,0.0
2021-04-01 01:00:00+00:00,H49,H26,0.0
2021-04-01 01:00:00+00:00,H49,H49,0.0
2021-04-01 01:00:00+00:00,H49,H50,0.0
2021-04-01 01:00:00+00:00,H49,H68,0.0
2021-04-01 01:00:00+00:00,H49,H97,0.0
2021-04-01 01:00:00+00:00,H49,H98,0.0
2021-04-01 01:00:00+00:00,H50,H19,0.0
2021-04-01 01:00:00+00:00,H50,H26,0.0
2021-04-01 01:00:00+00:00,H50,H49,0.0
2021-04-01 01:00:00+00:00,H50,H50,0.0
2021-04-01 01:00:00+00:00,H50,H68,0.0
2021-04-01 01:00:00+00:00,H50,H97,0.0
2021-04-01 01:00:00+00:00,H50,H98,0.0
2021-04-01 01:00:00+00:00,H68,H19,0.0
2021-04-01 01:00:00+00:00,H68,H26,0.0
2021-04-01 01:00:00+00:00,H68,H49,0.0
2021-04-01 01:00:00+00:00,H68,H50,0.0
2021-04-01 01:00:00+00:00,H68,H68,0.0
2021-04-01 01:00:00+00:00,H68,H97,0.0
2021-04-01 01:00:00+00:00,H68,H98,0.0
2021-04-01 01:00:00+00:00,H97,H19,0.0
2021-04-01 01:00:00+00:00,H97,H26,0.0
2021-04-01 01:00:00+00:00,H97,H49,0.0
2021-04-01 01:00:00+00:00,H97,H50,0.0
2021-04-01 01:00:00+00:00,H97,H68,0.0
2021-04-01 01:00:00+00:00,H97,H97,0.0
2021-04-01 01:00:00+00:00,H97,H98,0.0
2021-04-01 01:00:00+00:00,H98,H19,0.0
2021-04-01 01:00:00+00:00,H98,H26,0.0
2021-04-01 01:00:00+00:00,H98,H49,0.0
2021-04-01 01:00:00+00:00,H98,H50,0.0
2021-04-01 01:00:00+00:00,H98,H68,0.0
2021-04-01 01:00:00+00:00,H98,H97,0.0
2021-04-01 01:00:00+00:00,H98,H98,0.0
2021-04-01 02:00:00+00:00,H19,H19,0.0
2021-04-01 02:00:00+00:00,H19,H26,0.0
2021-04-01 02:00:00+00:00,H19,H49,0.0
2021-04-01 02:00:00+00:00,H19,H50,0.0
2021-04-01 02:00:00+00:00,H19,H68,0.0
2021-04-01 02:00:00+00:00,H19,H97,0.0
2021-04-01 02:00:00+00:00,H19,H98,0.0
2021-04-01 02:00:00+00:00,H26,H19,0.0
2021-04-01 02:00:00+00:00,H26,H26,0.0
2021-04-01 02:00:00+00:00,H26,H49,0.0
2021-04-01 02:00:00+00:00,H26,H50,0.0
2021-04-01 02:00:00+00:00,H26,H68,0.0
2021-04-01 02:00:00+00:00,H26,H97,0.0
2021-04-01 02:00:00+00:00,H26,H98,0.0
2021-04-01 02:00:00+00:00,H49,H19,0.0
2021-04-01 02:00:00+00:00,H49,H26,0.0
2021-04-01 02:00:00+00:00,H49,H49,0.0
2021-04-01 02:00:00+00:00,H49,H50,0.0
2021-04-01 02:00:00+00:00,H49,H68,0.0
2021-04-01 02:00:00+00:00,H49,H97,0.0
2021-04-01 02:00:00+00:00,H49,H98,0.0
2021-04-01 02:00:00+00:00,H50,H19,0.0
2021-04-01 02:00:00+00:00,H50,H26,0.0
2021-04-01 02:00:00+00:00,H50,H49,0.0
2021-04-01 02:00:00+00:00,H50,H50,0.0
2021-04-01 02:00:00+00:00,H50,H68,0.0
2021-04-01 02:00:00+00:00,H50,H97,0.0
2021-04-01 02:00:00+00:00,H50,H98,0.0
2021-04-01 02:00:00+00:00,H68,H19,0.0
2021-04-01 02:00:00+00:00,H68,H26,0.0
2021-04-01 02:00:00+00:00,H68,H49,0.0
2021-04-01 02:00:00+00:00,H68,H50,0.0
2021-04-01 02:00:00+00:00,H68,H68,0.0
2021-04-01 02:00:00+00:00,H68,H97,0.0
2021-04-01 02:00:00+00:00,H68,H98,0.0
2021-04-01 02:00:00+00:00,H97,H19,0.0
2021-04-01 02:00:00+00:00,H97,H26,0.0
2021-04-01 02:00:00+00:00,H97,H49,0.0
2021-04-01 02:00:00+00:00,H97,H50,0.0
2021-04-01 02:00:00+00:00,H97,H68,0.0
2021-04-01 02:00:00+00:00,H97,H97,0.0
2021-04-01 02:00:00+00:00,H97,H98,0.0
2021-04-01 02:00:00+00:00,H98,H19,0.0
2021-04-01 02:00:00+00:00,H98,H26,0.0
2021-04-01 02:00:00+00:00,H98,H49,0.0
2021-04-01 02:00:00+00:00,H98,H50,0.0
2021-04-01 02:00:00+00:00,H98,H68,0.0
2021-04-01 02:00:00+00:00,H98,H97,0.0
2021-04-01 02:00:00+00:00,H98,H98,0.0
2021-04-01 03:00:00+00:00,H19,H19,0.0
2021-04-01 03:00:00+00:00,H19,H26,0.0
2021-04-01 03:00:00+00:00,H19,H49,0.0
2021-04-01 03:00:00+00:00,H19,H50,0.0
2021-04-01 03:00:00+00:00,H19,H68,0.0
2021-04-01 03:00:00+00:00,H19,H97,0.0
2021-04-01 03:00:00+00:00,H19,H98,0.0
2021-04-01 03:00:00+00:00,H26,H19,0.0
2021-04-01 03:00:00+00:00,H26,H26,0.0
2021-04-01 03:00:00+00:00,H26,H49,0.0
2021-04-01 03:00:00+00:00,H26,H50,0.0
2021-04-01 03:00:00+00:00,H26,H68,0.0
2021-04-01 03:00:00+00:00,H26,H97,0.0
2021-04-01 03:00:00+00:00,H26,H98,0.0
2021-04-01 03:00:00+00:00,H49,H19,0.0
2021-04-01 03:00:00+00:00,H49,H26,0.0
2021-04-01 03:00:00+00:00,H49,H49,0.0
2021-04-01 03:00:00+00:00,H49,H50,0.0
2021-04-01 03:00:00+00:00,H49,H68,0.0
2021-04-01 03:00:00+00:00,H49,H97,0.0
2021-04-01 03:00:00+00:00,H49,H98,0.0
2021-04-01 03:00:00+00:00,H50,H19,0.0
2021-04-01 03:00:00+00:00,H50,H26,0.0
2021-04-01 03:00:00+00:00,H50,H49,0.0
2021-04-01 03:00:00+00:00,H50,H50,0.0
2021-04-01 03:00:00+00:00,H50,H68,0.0
2021-04-01 03:00:00+00:00,H50,H97,0.0
2021-04-01 03:00:00+00:00,H50,H98,0.0
2021-04-01 03:00:00+00:00,H68,H19,0.0
2021-04-01 03:00:00+00:00,H68,H26,0.0
2021-04-01 03:00:00+00:00,H68,H49,0.0
2021-04-01 03:00:00+00:00,H68,H50,0.0
2021-04-01 03:00:00+00:00,H68,H68,0.0
2021-04-01 03:00:00+00:00,H68,H97,0.0
2021-04-01 03:00:00+00:00,H68,H98,0.0
2021-04-01 03:00:00+00:00,H97,H19,0.0
2021-04-01 03:00:00+00:00,H97,H26,0.0
2021-04-01 03:00:00+00:00,H97,H49,0.0
2021-04-01 03:00:00+00:00,H97,H50,0.0
2021-04-01 03:00:00+00:00,H97,H68,0.0
2021-04-01 03:00:00+00:00,H97,H97,0.0
2021-04-01 03:00:00+00:00,H97,H98,0.0
2021-04-01 03:00:00+00:00,H98,H19,0.0
2021-04-01 03:00:00+00:00,H98,H26,0.0
2021-04-01 03:00:00+00:00,H98,H49,0.0
2021-04-01 03:00:00+00:00,H98,H50,0.0
2021-04-01 03:00:00+00:00,H98,H68,0.0
2021-04-01 03:00:00+00:00,H98,H97,0.0
2021-04-01 03:00:00+00:00,H98,H98,0.0
2021-04-01 04:00:00+00:00,H19,H19,0.0
2021-04-01 04:00:00+00:00,H19,H26,0.0
2021-04-01 04:00:00+00:00,H19,H49,0.0
2021-04-01 04:00:00+00:00,H19,H50,0.0
2021-04-01 04:00:00+00:00,H19,H68,0.0
2021-04-01 04:00:00+00:00,H19,H97,0.0
2021-04-01 04:00:00+00:00,H19,H98,0.0
2021-04-01 04:00:00+00:00,H26,H19,0.0
2021-04-01 04:00:00+00:00,H26,H26,0.0
2021-04-01 04:00:00+00:00,H26,H49,0.0
2021-04-01 04:00:00+00:00,H26,H50,0.0
2021-04-01 04:00:00+00:00,H26,H68,0.0
2021-04-01 04:00:00+00:00,H26,H97,0.0
2021-04-01 04:00:00+00:00,H26,H98,0.0
2021-04-01 04:00:00+00:00,H49,H19,0.0
2021-04-01 04:00:00+00:00,H49,H26,0.0
2021-04-01 04:00:00+00:00,H49,H49,0.0
2021-04-01 04:00:00+00:00,H49,H50,0.0
2021-04-01 04:00:00+00:00,H49,H68,0.0
2021-04-01 04:00:00+00:00,H49,H97,0.0
2021-04-01 04:00:00+00:00,H49,H98,0.0
2021-04-01 04:00:00+00:00,H50,H19,0.0
2021-04-01 04:00:00+00:00,H50,H26,0.0
2021-04-01 04:00:00+00:00,H50,H49,0.0
2021-04-01 04:00:00+00:00,H50,H50,0.0
2021-04-01 04:00:00+00:00,H50,H68,0.0
2021-04-01 04:00:00+00:00,H50,H97,0.0
2021-04-01 04:00:00+00:00,H50,H98,0.0
2021-04-01 04:00:00+00:00,H68,H19,0.0
2021-04-01 04:00:00+00:00,H68,H26,0.0
2021-04-01 04:00:00+00:00,H68,H49,0.0
2021-04-01 04:00:00+00:00,H68,H50,0.0
2021-04-01 04:00:00+00:00,H68,H68,0.0
2021-04-01 04:00:00+00:00,H68,H97,0.0
2021-04-01 04:00:00+00:00,H68,H98,0.0
2021-04-01 04:00:00+00:00,H97,H19,0.0
2021-04-01 04:00:00+00:00,H97,H26,0.0
2021-04-01 04:00:00+00:00,H97,H49,0.0
2021-04-01 04:00:00+00:00,H97,H50,0.0
2021-04-01 04:00:00+00:00,H97,H68,0.0
2021-04-01 04:00:00+00:00,H97,H97,0.0
2021-04-01 04:00:00+00:00,H97,H98,0.0
2021-04-01 04:00:00+00:00,H98,H19,0.0
2021-04-01 04:00:00+00:00,H98,H26,0.0
2021-04-01 04:00:00+00:00,H98,H49,0.0
2021-04-01 04:00:00+00:00,H98,H50,0.0
2021-04-01 04:00:00+00:00,H98,H68,0.0
2021-04-01 04:00:00+00:00,H98,H97,0.0
2021-04-01 04:00:00+00:00,H98,H98,0.0
2021-04-01 05:00:00+00:00,H19,H19,0.0
2021-04-01 05:00:00+00:00,H19,H26,0.0
2021-04-01 05:00:00+00:00,H19,H49,0.0
2021-04-01 05:00:00+00:00,H19,H50,0.0
2021-04-01 05:00:00+00:00,H19,H68,0.0
2021-04-01 05:00:00+00:00,H19,H97,0.0
2021-04-01 05:00:00+00:00,H19,H98,0.0
2021-04-01 05:00:00+00:00,H26,H19,0.0
2021-04-01 05:00:00+00:00,H26,H26,0.0
2021-04-01 05:00:00+00:00,H26,H49,0.0
2021-04-01 05:00:00+00:00,H26,H50,0.0
2021-04-01 05:00:00+00:00,H26,H68,0.0
2021-04-01 05:00:00+00:00,H26,H97,0.0
2021-04-01 05:00:00+00:00,H26,H98,0.0
2021-04-01 05:00:00+00:00,H49,H19,0.0
2021-04-01 05:00:00+00:00,H49,H26,0.0
2021-04-01 05:00:00+00:00,H49,H49,0.0
2021-04-01 05:00:00+00:00,H49,H50,0.0
2021-04-01 05:00:00+00:00,H49,H68,0.0
2021-04-01 05:00:00+00:00,H49,H97,0.0
2021-04-01 05:00:00+00:00,H49,H98,0.0
2021-04-01 05:00:00+00:00,H50,H19,0.0
2021-04-01 05:00:00+00:00,H50,H26,0.0
2021-04-01 05:00:00+00:00,H50,H49,0.0
2021-04-01 05:00:00+00:00,H50,H50,0.0
2021-04-01 05:00:00+00:00,H50,H68,0.0
2021-04-01 05:00:00+00:00,H50,H97,0.0
2021-04-01 05:00:00+00:00,H50,H98,0.0
2021-04-01 05:00:00+00:00,H68,H19,0.0
2021-04-01 05:00:00+00:00,H68,H26,0.0
2021-04-01 05:00:00+00:00,H68,H49,0.0
2021-04-01 05:00:00+00:00,H68,H50,0.0
2021-04-01 05:00:00+00:00,H68,H68,0.0
2021-04-01 05:00:00+00:00,H68,H97,0.0
2021-04-01 05:00:00+00:00,H68,H98,0.0
2021-04-01 05:00:00+00:00,H97,H19,0.0
2021-04-01 05:00:00+00:00,H97,H26,0.0
2021-04-01 05:00:00+00:00,H97,H49,0.0
2021-04-01 05:00:00+00:00,H97,H50,0.0
2021-04-01 05:00:00+00:00,H97,H68,0.0
2021-04-01 05:00:00+00:00,H97,H97,0.0
2021-04-01 05:00:00+00:00,H97,H98,0.0
2021-04-01 05:00:00+00:00,H98,H19,0.0
2021-04-01 05:00:00+00:00,H98,H26,0.0
2021-04-01 05:00:00+00:00,H98,H49,0.0
2021-04-01 05:00:00+00:00,H98,H50,0.0
2021-04-01 05:00:00+00:00,H98,H68,0.0
2021-04-01 05:00:00+00:00,H98,H97,0.0
2021-04-01 05:00:00+00:00,H98,H98,0.0
2021-04-01 06:00:00+00:00,H19,H19,0.0
2021-04-01 06:00:00+00:00,H19,H26,0.0
2021-04-01 06:00:00+00:00,H19,H49,0.0
2021-04-01 06:00:00+00:00,H19,H50,0.0
2021-04-01 06:00:00+00:00,H19,H68,0.0
2021-04-01 06:00:00+00:00,H19,H97,0.0
2021-04-01 06:00:00+00:00,H19,H98,0.0
2021-04-01 06:00:00+00:00,H26,H19,0.0
2021-04-01 06:00:00+00:00,H26,H26,0.0
2021-04-01 06:00:00+00:00,H26,H49,0.0
2021-04-01 06:00:00+00:00,H26,H50,0.0
2021-04-01 06:00:00+00:00,H26,H68,0.0
2021-04-01 06:00:00+00:00,H26,H97,0.0
2021-04-01 06:00:00+00:00,H26,H98,0.0
2021-04-01 06:00:00+00:00,H49,H19,0.0
2021-04-01 06:00:00+00:00,H49,H26,0.0
2021-04-01 06:00:00+00:00,H49,H49,0.0
2021-04-01 06:00:00+00:00,H49,H50,0.0
2021-04-01 06:00:00+00:00,H49,H68,0.0
2021-04-01 06:00:00+00:00,H49,H97,0.0
2021-04-01 06:00:00+00:00,H49,H98,0.0
2021-04-01 06:00:00+00:00,H50,H19,0.0
2021-04-01 06:00:00+00:00,H50,H26,0.0
2021-04-01 06:00:00+00:00,H50,H49,0.0
2021-04-01 06:00:00+00:00,H50,H50,0.0
2021-04-01 06:00:00+00:00,H50,H68,0.0
2021-04-01 06:00:00+00:00,H50,H97,0.0
2021-04-01 06:00:00+00:00,H50,H98,0.0
2021-04-01 06:00:00+00:00,H68,H19,0.0
2021-04-01 06:00:00+00:00,H68,H26,0.0
2021-04-01 06:00:00+00:00,H68,H49,0.0
2021-04-01 06:00:00+00:00,H68,H50,0.0
2021-04-01 06:00:00+00:00,H68,H68,0.0
2021-04-01 06:00:00+00:00,H68,H97,0.0
2021-04-01 06:00:00+00:00,H68,H98,0.0
2021-04-01 06:00:00+00:00,H97,H19,0.0
2021-04-01 06:00:00+00:00,H97,H26,0.0
2021-04-01 06:00:00+00:00,H97,H49,0.0
2021-04-01 06:00:00+00:00,H97,H50,0.0
2021-04-01 06:00:00+00:00,H97,H68,0.0
2021-04-01 06:00:00+00:00,H97,H97,0.0
2021-04-01 06:00:00+00:00,H97,H98,0.0
2021-04-01 06:00:00+00:00,H98,H19,0.0
2021-04-01 06:00:00+00:00,H98,H26,0.0
2021-04-01 06:00:00+00:00,H98,H49,0.0
2021-04-01 06:00:00+00:00,H98,H50,0.0
2021-04-01 06:00:00+00:00,H98,H68,0.0
2021-04-01 06:00:00+00:00,H98,H97,0.0
2021-04-01 06:00:00+00:00,H98,H98,0.0
2021-04-01 07:00:00+00:00,H19,H19,0.0
2021-04-01 07:00:00+00:00,H19,H26,0.0
2021-04-01 07:00:00+00:00,H19,H49,0.0
2021-04-01 07:00:00+00:00,H19,H50,0.0
2021-04-01 07:00:00+00:00,H19,H68,0.0
2021-04-01 07:00:00+00:00,H19,H97,0.0
2021-04-01 07:00:00+00:00,H19,H98,0.0
2021-04-01 07:00:00+00:00,H26,H19,0.0
2021-04-01 07:00:00+00:00,H26,H26,0.0
2021-04-01 07:00:00+00:00,H26,H49,0.0
2021-04-01 07:00:00+00:00,H26,H50,0.0
2021-04-01 07:00:00+00:00,H26,H68,0.0
2021-04-01 07:00:00+00:00,H26,H97,0.0
2021-04-01 07:00:00+00:00,H26,H98,0.0
2021-04-01 07:00:00+00:00,H49,H19,0.0
2021-04-01 07:00:00+00:00,H49,H26,0.0
2021-04-01 07:00:00+00:00,H49,H49,0.0
2021-04-01 07:00:00+00:00,H49,H50,0.0
2021-04-01 07:00:00+00:00,H49,H68,0.0
2021-04-01 07:00:00+00:00,H49,H97,0.0
2021-04-01 07:00:00+00:00,H49,H98,0.0
2021-04-01 07:00:00+00:00,H50,H19,0.0
2021-04-01 07:00:00+00:00,H50,H26,0.0
2021-04-01 07:00:00+00:00,H50,H49,0.0
2021-04-01 07:00:00+00:00,H50,H50,0.0
2021-04-01 07:00:00+00:00,H50,H68,0.0
2021-04-01 07:00:00+00:00,H50,H97,0.0
2021-04-01 07:00:00+00:00,H50,H98,0.0
2021-04-01 07:00:00+00:00,H68,H19,0.0
2021-04-01 07:00:00+00:00,H68,H26,0.0
2021-04-01 07:00:00+00:00,H68,H49,0.0
2021-04-01 07:00:00+00:00,H68,H50,0.0
2021-04-01 07:00:00+00:00,H68,H68,0.0
2021-04-01 07:00:00+00:00,H68,H97,0.0
2021-04-01 07:00:00+00:00,H68,H98,0.0
2021-04-01 07:00:00+00:00,H97,H19,0.0
2021-04-01 07:00:00+00:00,H97,H26,0.0
2021-04-01 07:00:00+00:00,H97,H49,0.0
2021-04-01 07:00:00+00:00,H97,H50,0.0
2021-04-01 07:00:00+00:00,H97,H68,0.0
2021-04-01 07:00:00+00:00,H97,H97,0.0
2021-04-01 07:00:00+00:00,H97,H98,0.0
2021-04-01 07:00:00+00:00,H98,H19,0.0
2021-04-01 07:00:00+00:00,H98,H26,0.0
2021-04-01 07:00:00+00:00,H98,H49,0.0
2021-04-01 07:00:00+00:00,H98,H50,0.0
2021-04-01 07:00:00+00:00,H98,H68,0.0
2021-04-01 07:00:00+00:00,H98,H97,0.0
2021-04-01 07:00:00+00:00,H98,H98,0.0
2021-04-01 08:00:00+00:00,H19,H19,0.0
2021-04-01 08:00:00+00:00,H19,H26,0.0
2021-04-01 08:00:00+00:00,H19,H49,0.0
2021-04-01 08:00:00+00:00,H19,H50,0.0
2021-04-01 08:00:00+00:00,H19,H68,0.0
2021-04-01 08:00:00+00:00,H19,H97,0.0
2021-04-01 08:00:00+00:00,H19,H98,0.0
2021-04-01 08:00:00+00:00,H26,H19,0.0
2021-04-01 08:00:00+00:00,H26,H26,0.0
2021-04-01 08:00:00+00:00,H26,H49,0.0
2021-04-01 08:00:00+00:00,H26,H50,0.0
2021-04-01 08:00:00+00:00,H26,H68,0.0
2021-04-01 08:00:00+00:00,H26,H97,0.0
2021-04-01 08:00:00+00:00,H26,H98,0.0
2021-04-01 08:00:00+00:00,H49,H19,0.0
2021-04-01 08:00:00+00:00,H49,H26,0.0
2021-04-01 08:00:00+00:00,H49,H49,0.0
2021-04-01 08:00:00+00:00,H49,H50,0.0
2021-04-01 08:00:00+00:00,H49,H68,0.0
2021-04-01 08:00:00+00:00,H49,H97,0.0
2021-04-01 08:00:00+00:00,H49,H98,0.0
2021-04-01 08:00:00+00:00,H50,H19,0.0
2021-04-01 08:00:00+00:00,H50,H26,0.0
2021-04-01 08:00:00+00:00,H50,H49,0.0
2021-04-01 08:00:00+00:00,H50,H50,0.0
2021-04-01 08:00:00+00:00,H50,H68,0.0
2021-04-01 08:00:00+00:00,H50,H97,0.0
2021-04-01 08:00:00+00:00,H50,H98,0.0
2021-04-01 08:00:00+00:00,H68,H19,0.0
2021-04-01 08:00:00+00:00,H68,H26,0.0
2021-04-01 08:00:00+00:00,H68,H49,0.0
2021-04-01 08:00:00+00:00,H68,H50,0.0
2021-04-01 08:00:00+00:00,H68,H68,0.0
2021-04-01 08:00:00+00:00,H68,H97,0.0
2021-04-01 08:00:00+00:00,H68,H98,0.0
2021-04-01 08:00:00+00:00,H97,H19,0.0
2021-04-01 08:00:00+00:00,H97,H26,0.0
2021-04-01 08:00:00+00:00,H97,H49,0.0
2021-04-01 08:00:00+00:00,H97,H50,0.0
2021-04-01 08:00:00+00:00,H97,H68,0.0
2021-04-01 08:00:00+00:00,H97,H97,0.0
2021-04-01 08:00:00+00:00,H97,H98,0.0
2021-04-01 08:00:00+00:00,H98,H19,0.0
2021-04-01 08:00:00+00:00,H98,H26,0.0
2021-04-01 08:00:00+00:00,H98,H49,0.0
2021-04-01 08:00:00+00:00,H98,H50,0.0
2021-04-01 08:00:00+00:00,H98,H68,0.0
2021-04-01 08:00:00+00:00,H98,H97,0.0
2021-04-01 08:00:00+00:00,H98,H98,0.0
2021-04-01 09:00:00+00:00,H19,H19,0.0
2021-04-01 09:00:00+00:00,H19,H26,0.0
2021-04-01 09:00:00+00:00,H19,H49,0.0
2021-04-01 09:00:00+00:00,H19,H50,0.0
2021-04-01 09:00:00+00:00,H19,H68,0.0
2021-04-01 09:00:00+00:00,H19,H97,0.0
2021-04-01 09:00:00+00:00,H19,H98,0.0
2021-04-01 09:00:00+00:00,H26,H19,0.0
2021-04-01 09:00:00+00:00,H26,H26,0.0
2021-04-01 09:00:00+00:00,H26,H49,0.0
2021-04-01 09:00:00+00:00,H26,H50,0.0
2021-04-01 09:00:00+00:00,H26,H68,0.0
2021-04-01 09:00:00+00:00,H26,H97,0.0
2021-04-01 09:00:00+00:00,H26,H98,0.0
2021-04-01 09:00:00+00:00,H49,H19,0.0
2021-04-01 09:00:00+00:00,H49,H26,0.0
2021-04-01 09:00:00+00:00,H49,H49,0.0
2021-04-01 09:00:00+00:00,H49,H50,0.0
2021-04-01 09:00:00+00:00,H49,H68,0.0
2021-04-01 09:00:00+00:00,H49,H97,0.0
2021-04-01 09:00:00+00:00,H49,H98,0.0
2021-04-01 09:00:00+00:00,H50,H19,0.0
2021-04-01 09:00:00+00:00,H50,H26,0.0
2021-04-01 09:00:00+00:00,H50,H49,0.0
2021-04-01 09:00:00+00:00,H50,H50,0.0
2021-04-01 09:00:00+00:00,H50,H68,0.0
2021-04-01 09:00:00+00:00,H50,H97,0.0
2021-04-01 09:00:00+00:00,H50,H98,0.0
2021-04-01 09:00:00+00:00,H68,H19,0.0
2021-04-01 09:00:00+00:00,H68,H26,0.0
2021-04-01 09:00:00+00:00,H68,H49,0.0
2021-04-01 09:00:00+00:00,H68,H50,0.0
2021-04-01 09:00:00+00:00,H68,H68,0.0
2021-04-01 09:00:00+00:00,H68,H97,0.0
2021-04-01 09:00:00+00:00,H68,H98,0.0
2021-04-01 09:00:00+00:00,H97,H19,0.0
2021-04-01 09:00:00+00:00,H97,H26,0.0
2021-04-01 09:00:00+00:00,H97,H49,0.0
2021-04-01 09:00:00+00:00,H97,H50,0.0
2021-04-01 09:00:00+00:00,H97,H68,0.0
2021-04-01 09:00:00+00:00,H97,H97,0.0
2021-04-01 09:00:00+00:00,H97,H98,0.0
2021-04-01 09:00:00+00:00,H98,H19,0.0
2021-04-01 09:00:00+00:00,H98,H26,0.0
2021-04-01 09:00:00+00:00,H98,H49,0.0
2021-04-01 09:00:00+00:00,H98,H50,0.0
2021-04-01 09:00:00+00:00,H98,H68,0.0
2021-04-01 09:00:00+00:00,H98,H97,0.0
2021-04-01 09:00:00+00:00,H98,H98,0.0
2021-04-01 10:00:00+00:00,H19,H19,0.0
2021-04-01 10:00:00+00:00,H19,H26,0.0
2021-04-01 10:00:00+00:00,H19,H49,0.0
2021-04-01 10:00:00+00:00,H19,H50,0.0
2021-04-01 10:00:00+00:00,H19,H68,0.0
2021-04-01 10:00:00+00:00,H19,H97,0.0
2021-04-01 10:00:00+00:00,H19,H98,0.0
2021-04-01 10:00:00+00:00,H26,H19,0.0
2021-04-01 10:00:00+00:00,H26,H26,0.0
2021-04-01 10:00:00+00:00,H26,H49,0.0
2021-04-01 10:00:00+00:00,H26,H50,0.0
2021-04-01 10:00:00+00:00,H26,H68,0.0
2021-04-01 10:00:00+00:00,H26,H97,0.0
2021-04-01 10:00:00+00:00,H26,H98,0.0
2021-04-01 10:00:00+00:00,H49,H19,0.0
2021-04-01 10:00:00+00:00,H49,H26,0.0
2021-04-01 10:00:00+00:00,H49,H49,0.0
2021-04-01 10:00:00+00:00,H49,H50,0.0
2021-04-01 10:00:00+00:00,H49,H68,0.0
2021-04-01 10:00:00+00:00,H49,H97,0.0
2021-04-01 10:00:00+00:00,H49,H98,0.0
2021-04-01 10:00:00+00:00,H50,H19,0.0
2021-04-01 10:00:00+00:00,H50,H26,0.0
2021-04-01 10:00:00+00:00,H50,H49,0.0
2021-04-01 10:00:00+00:00,H50,H50,0.0
2021-04-01 10:00:00+00:00,H50,H68,0.0
2021-04-01 10:00:00+00:00,H50,H97,0.0
2021-04-01 10:00:00+00:00,H50,H98,0.0
2021-04-01 10:00:00+00:00,H68,H19,0.0
2021-04-01 10:00:00+00:00,H68,H26,0.0
2021-04-01 10:00:00+00:00,H68,H49,0.0
2021-04-01 10:00:00+00:00,H68,H50,0.0
2021-04-01 10:00:00+00:00,H68,H68,0.0
2021-04-01 10:00:00+00:00,H68,H97,0.0
2021-04-01 10:00:00+00:00,H68,H98,0.0
2021-04-01 10:00:00+00:00,H97,H19,0.0
2021-04-01 10:00:00+00:00,H97,H26,0.0
2021-04-01 10:00:00+00:00,H97,H49,0.0
2021-04-01 10:00:00+00:00,H97,H50,0.0
2021-04-01 10:00:00+00:00,H97,H68,0.0
2021-04-01 10:00:00+00:00,H97,H97,0.0
2021-04-01 10:00:00+00:00,H97,H98,0.0
2021-04-01 10:00:00+00:00,H98,H19,0.0
2021-04-01 10:00:00+00:00,H98,H26,0.0
2021-04-01 10:00:00+00:00,H98,H49,0.0
2021-04-01 10:00:00+00:00,H98,H50,0.0
2021-04-01 10:00:00+00:00,H98,H68,0.0
2021-04-01 10:00:00+00:00,H98,H97,0.0
2021-04-01 10:00:00+00:00,H98,H98,0.0
2021-04-01 11:00:00+00:00,H19,H19,0.0
2021-04-01 11:00:00+00:00,H19,H26,0.0
2021-04-01 11:00:00+00:00,H19,H49,0.0
2021-04-01 11:00:00+00:00,H19,H50,0.0
2021-04-01 11:00:00+00:00,H19,H68,0.0
2021-04-01 11:00:00+00:00,H19,H97,0.0
2021-04-01 11:00:00+00:00,H19,H98,0.0
2021-04-01 11:00:00+00:00,H26,H19,0.0
2021-04-01 11:00:00+00:00,H26,H26,0.0
2021-04-01 11:00:00+00:00,H26,H49,0.0
2021-04-01 11:00:00+00:00,H26,H50,0.0
2021-04-01 11:00:00+00:00,H26,H68,0.0
2021-04-01 11:00:00+00:00,H26,H97,0.0
2021-04-01 11:00:00+00:00,H26,H98,0.0
2021-04-01 11:00:00+00:00,H49,H19,0.0
2021-04-01 11:00:00+00:00,H49,H26,0.0
2021-04-01 11:00:00+00:00,H49,H49,0.0
2021-04-01 11:00:00+00:00,H49,H50,0.0
2021-04-01 11:00:00+00:00,H49,H68,0.0
2021-04-01 11:00:00+00:00,H49,H97,0.0
2021-04-01 11:00:00+00:00,H49,H98,0.0
2021-04-01 11:00:00+00:00,H50,H19,0.0
2021-04-01 11:00:00+00:00,H50,H26,0.0
2021-04-01 11:00:00+00:00,H50,H49,0.0
2021-04-01 11:00:00+00:00,H50,H50,0.0
2021-04-01 11:00:00+00:00,H50,H68,0.0
2021-04-01 11:00:00+00:00,H50,H97,0.0
2021-04-01 11:00:00+00:00,H50,H98,0.0
2021-04-01 11:00:00+00:00,H68,H19,0.0
2021-04-01 11:00:00+00:00,H68,H26,0.0
2021-04-01 11:00:00+00:00,H68,H49,0.0
2021-04-01 11:00:00+00:00,H68,H50,0.0
2021-04-01 11:00:00+00:00,H68,H68,0.0
2021-04-01 11:00:00+00:00,H68,H97,0.0
2021-04-01 11:00:00+00:00,H68,H98,0.0
2021-04-01 11:00:00+00:00,H97,H19,0.0
2021-04-01 11:00:00+00:00,H97,H26,0.0
2021-04-01 11:00:00+00:00,H97,H49,0.0
2021-04-01 11:00:00+00:00,H97,H50,0.0
2021-04-01 11:00:00+00:00,H97,H68,0.0
2021-04-01 11:00:00+00:00,H97,H97,0.0
2021-04-01 11:00:00+00:00,H97,H98,0.0
2021-04-01 11:00:00+00:00,H98,H19,0.0
2021-04-01 11:00:00+00:00,H98,H26,0.0
2021-04-01 11:00:00+00:00,H98,H49,0.0
2021-04-01 11:00:00+00:00,H98,H50,0.0
2021-04-01 11:00:00+00:00,H98,H68,0.0
2021-04-01 11:00:00+00:00,H98,H97,0.0
2021-04-01 11:00:00+00:00,H98,H98,0.0
2021-04-01 12:00:00+00:00,H19,H19,0.0
2021-04-01 12:00:00+00:00,H19,H26,0.0
2021-04-01 12:00:00+00:00,H19,H49,0.0
2021-04-01 12:00:00+00:00,H19,H50,0.0
2021-04-01 12:00:00+00:00,H19,H68,0.0
2021-04-01 12:00:00+00:00,H19,H97,0.0
2021-04-01 12:00:00+00:00,H19,H98,0.0
2021-04-01 12:00:00+00:00,H26,H19,0.0
2021-04-01 12:00:00+00:00,H26,H26,0.0
2021-04-01 12:00:00+00:00,H26,H49,0.0
2021-04-01 12:00:00+00:00,H26,H50,0.0
2021-04-01 12:00:00+00:00,H26,H68,0.0
2021-04-01 12:00:00+00:00,H26,H97,0.0
2021-04-01 12:00:00+00:00,H26,H98,0.0
2021-04-01 12:00:00+00:00,H49,H19,0.0
2021-04-01 12:00:00+00:00,H49,H26,0.0
2021-04-01 12:00:00+00:00,H49,H49,0.0
2021-04-01 12:00:00+00:00,H49,H50,0.0
2021-04-01 12:00:00+00:00,H49,H68,0.0
2021-04-01 12:00:00+00:00,H49,H97,0.0
2021-04-01 12:00:00+00:00,H49,H98,0.0
2021-04-01 12:00:00+00:00,H50,H19,0.0
2021-04-01 12:00:00+00:00,H50,H26,0.0
2021-04-01 12:00:00+00:00,H50,H49,0.0
2021-04-01 12:00:00+00:00,H50,H50,0.0
2021-04-01 12:00:00+00:00,H50,H68,0.0
2021-04-01 12:00:00+00:00,H50,H97,0.0
2021-04-01 12:00:00+00:00,H50,H98,0.0
2021-04-01 12:00:00+00:00,H68,H19,0.0
2021-04-01 12:00:00+00:00,H68,H26,0.0
2021-04-01 12:00:00+00:00,H68,H49,0.0
2021-04-01 12:00:00+00:00,H68,H50,0.0
2021-04-01 12:00:00+00:00,H68,H68,0.0
2021-04-01 12:00:00+00:00,H68,H97,0.0
2021-04-01 12:00:00+00:00,H68,H98,0.0
2021-04-01 12:00:00+00:00,H97,H19,0.0
2021-04-01 12:00:00+00:00,H97,H26,0.0
2021-04-01 12:00:00+00:00,H97,H49,0.0
2021-04-01 12:00:00+00:00,H97,H50,0.0
2021-04-01 12:00:00+00:00,H97,H68,0.0
2021-04-01 12:00:00+00:00,H97,H97,0.0
2021-04-01 12:00:00+00:00,H97,H98,0.0
2021-04-01 12:00:00+00:00,H98,H19,0.0
2021-04-01 12:00:00+00:00,H98,H26,0.0
2021-04-01 12:00:00+00:00,H98,H49,0.0
2021-04-01 12:00:00+00:00,H98,H50,0.0
2021-04-01 12:00:00+00:00,H98,H68,0.0
2021-04-01 12:00:00+00:00,H98,H97,0.0
2021-04-01 12:00:00+00:00,H98,H98,0.0
2021-04-01 13:00:00+00:00,H19,H19,0.0
2021-04-01 13:00:00+00:00,H19,H26,0.0
2021-04-01 13:00:00+00:00,H19,H49,0.0
2021-04-01 13:00:00+00:00,H19,H50,0.245
2021-04-01 13:00:00+00:00,H19,H68,0.0
2021-04-01 13:00:00+00:00,H19,H97,0.0
2021-04-01 13:00:00+00:00,H19,H98,0.0
2021-04-01 13:00:00+00:00,H26,H19,0.0
2021-04-01 13:00:00+00:00,H26,H26,0.0
2021-04-01 13:00:00+00:00,H26,H49,0.0
2021-04-01 13:00:00+00:00,H26,H50,0.0
2021-04-01 13:00:00+00:00,H26,H68,0.0
2021-04-01 13:00:00+00:00,H26,H97,0.0
2021-04-01 13:00:00+00:00,H26,H98,0.0
2021-04-01 13:00:00+00:00,H49,H19,0.0
2021-04-01 13:00:00+00:00,H49,H26,0.0
2021-04-01 13:00:00+00:00,H49,H49,0.0
2021-04-01 13:00:00+00:00,H49,H50,0.0
2021-04-01 13:00:00+00:00,H49,H68,0.0
2021-04-01 13:00:00+00:00,H49,H97,0.0
2021-04-01 13:00:00+00:00,H49,H98,0.0
2021-04-01 13:00:00+00:00,H50,H19,0.0
2021-04-01 13:00:00+00:00,H50,H26,0.0
2021-04-01 13:00:00+00:00,H50,H49,0.0
2021-04-01 13:00:00+00:00,H50,H50,0.0
2021-04-01 13:00:00+00:00,H50,H68,0.0
2021-04-01 13:00:00+00:00,H50,H97,0.0
2021-04-01 13:00:00+00:00,H50,H98,0.0
2021-04-01 13:00:00+00:00,H68,H19,0.0
2021-04-01 13:00:00+00:00,H68,H26,0.0
2021-04-01 13:00:00+00:00,H68,H49,0.0
2021-04-01 13:00:00+00:00,H68,H50,0.0
2021-04-01 13:00:00+00:00,H68,H68,0.0
2021-04-01 13:00:00+00:00,H68,H97,0.0
2021-04-01 13:00:00+00:00,H68,H98,0.0
2021-04-01 13:00:00+00:00,H97,H19,0.0
2021-04-01 13:00:00+00:00,H97,H26,0.0
2021-04-01 13:00:00+00:00,H97,H49,0.0
2021-04-01 13:00:00+00:00,H97,H50,0.0
2021-04-01 13:00:00+00:00,H97,H68,0.0
2021-04-01 13:00:00+00:00,H97,H97,0.0
2021-04-01 13:00:00+00:00,H97,H98,0.0
2021-04-01 13:00:00+00:00,H98,H19,0.0
2021-04-01 13:00:00+00:00,H98,H26,0.0
2021-04-01 13:00:00+00:00,H98,H49,0.0
2021-04-01 13:00:00+00:00,H98,H50,0.016
2021-04-01 13:00:00+00:00,H98,H68,0.0
2021-04-01 13:00:00+00:00,H98,H97,0.0
2021-04-01 13:00:00+00:00,H98,H98,0.0
2021-04-01 14:00:00+00:00,H19,H19,0.0
2021-04-01 14:00:00+00:00,H19,H26,0.0
2021-04-01 14:00:00+00:00,H19,H49,0.0
2021-04-01 14:00:00+00:00,H19,H50,0.0
2021-04-01 14:00:00+00:00,H19,H68,0.0
2021-04-01 14:00:00+00:00,H19,H97,0.0
2021-04-01 14:00:00+00:00,H19,H98,0.0
2021-04-01 14:00:00+00:00,H26,H19,0.0
2021-04-01 14:00:00+00:00,H26,H26,0.0
2021-04-01 14:00:00+00:00,H26,H49,0.0
2021-04-01 14:00:00+00:00,H26,H50,0.0
2021-04-01 14:00:00+00:00,H26,H68,0.0
2021-04-01 14:00:00+00:00,H26,H97,0.0
2021-04-01 14:00:00+00:00,H26,H98,0.0
2021-04-01 14:00:00+00:00,H49,H19,0.0
2021-04-01 14:00:00+00:00,H49,H26,0.0
2021-04-01 14:00:00+00:00,H49,H49,0.0
2021-04-01 14:00:00+00:00,H49,H50,0.0
2021-04-01 14:00:00+00:00,H49,H68,0.0
2021-04-01 14:00:00+00:00,H49,H97,0.0
2021-04-01 14:00:00+00:00,H49,H98,0.0
2021-04-01 14:00:00+00:00,H50,H19,0.0
2021-04-01 14:00:00+00:00,H50,H26,0.0
2021-04-01 14:00:00+00:00,H50,H49,0.0
2021-04-01 14:00:00+00:00,H50,H50,0.0
2021-04-01 14:00:00+00:00,H50,H68,0.0
2021-04-01 14:00:00+00:00,H50,H97,0.0
2021-04-01 14:00:00+00:00,H50,H98,0.0
2021-04-01 14:00:00+00:00,H68,H19,0.0
2021-04-01 14:00:00+00:00,H68,H26,0.0
2021-04-01 14:00:00+00:00,H68,H49,0.0
2021-04-01 14:00:00+00:00,H68,H50,0.0
2021-04-01 14:00:00+00:00,H68,H68,0.0
2021-04-01 14:00:00+00:00,H68,H97,0.0
2021-04-01 14:00:00+00:00,H68,H98,0.0
2021-04-01 14:00:00+00:00,H97,H19,0.0
2021-04-01 14:00:00+00:00,H97,H26,0.0
2021-04-01 14:00:00+00:00,H97,H49,0.0
2021-04-01 14:00:00+00:00,H97,H50,0.0
2021-04-01 14:00:00+00:00,H97,H68,0.0
2021-04-01 14:00:00+00:00,H97,H97,0.0
2021-04-01 14:00:00+00:00,H97,H98,0.0
2021-04-01 14:00:00+00:00,H98,H19,0.0
2021-04-01 14:00:00+00:00,H98,H26,0.0
2021-04-01 14:00:00+00:00,H98,H49,0.0
2021-04-01 14:00:00+00:00,H98,H50,0.0
2021-04-01 14:00:00+00:00,H98,H68,0.0
2021-04-01 14:00:00+00:00,H98,H97,0.0
2021-04-01 14:00:00+00:00,H98,H98,0.0
2021-04-01 15:00:00+00:00,H19,H19,0.0
2021-04-01 15:00:00+00:00,H19,H26,0.0
2021-04-01 15:00:00+00:00,H19,H49,0.0
2021-04-01 15:00:00+00:00,H19,H50,0.0
2021-04-01 15:00:00+00:00,H19,H68,0.0
2021-04-01 15:00:00+00:00,H19,H97,0.0
2021-04-01 15:00:00+00:00,H19,H98,0.0
2021-04-01 15:00:00+00:00,H26,H19,0.0
2021-04-01 15:00:00+00:00,H26,H26,0.0
2021-04-01 15:00:00+00:00,H26,H49,0.0
2021-04-01 15:00:00+00:00,H26,H50,0.0
2021-04-01 15:00:00+00:00,H26,H68,0.0
2021-04-01 15:00:00+00:00,H26,H97,0.0
2021-04-01 15:00:00+00:00,H26,H98,0.0
2021-04-01 15:00:00+00:00,H49,H19,0.0
2021-04-01 15:00:00+00:00,H49,H26,0.0
2021-04-01 15:00:00+00:00,H49,H49,0.0
2021-04-01 15:00:00+00:00,H49,H50,0.0
2021-04-01 15:00:00+00:00,H49,H68,0.0
2021-04-01 15:00:00+00:00,H49,H97,0.0
2021-04-01 15:00:00+00:00,H49,H98,0.0
2021-04-01 15:00:00+00:00,H50,H19,0.0
2021-04-01 15:00:00+00:00,H50,H26,0.0
2021-04-01 15:00:00+00:00,H50,H49,0.0
2021-04-01 15:00:00+00:00,H50,H50,0.0
2021-04-01 15:00:00+00:00,H50,H68,0.0
2021-04-01 15:00:00+00:00,H50,H97,0.0
2021-04-01 15:00:00+00:00,H50,H98,0.0
2021-04-01 15:00:00+00:00,H68,H19,0.0
2021-04-01 15:00:00+00:00,H68,H26,0.0
2021-04-01 15:00:00+00:00,H68,H49,0.0
2021-04-01 15:00:00+00:00,H68,H50,0.0
2021-04-01 15:00:00+00:00,H68,H68,0.0
2021-04-01 15:00:00+00:00,H68,H97,0.0
2021-04-01 15:00:00+00:00,H68,H98,0.283
2021-04-01 15:00:00+00:00,H97,H19,0.0
2021-04-01 15:00:00+00:00,H97,H26,0.0
2021-04-01 15:00:00+00:00,H97,H49,0.0
2021-04-01 15:00:00+00:00,H97,H50,0.0
2021-04-01 15:00:00+00:00,H97,H68,0.0
2021-04-01 15:00:00+00:00,H97,H97,0.0
2021-04-01 15:00:00+00:00,H97,H98,0.0
2021-04-01 15:00:00+00:00,H98,H19,0.0
2021-04-01 15:00:00+00:00,H98,H26,0.0
2021-04-01 15:00:00+00:00,H98,H49,0.0
2021-04-01 15:00:00+00:00,H98,H50,0.0
2021-04-01 15:00:00+00:00,H98,H68,0.0
2021-04-01 15:00:00+00:00,H98,H97,0.0
2021-04-01 15:00:00+00:00,H98,H98,0.0
2021-04-01 16:00:00+00:00,H19,H19,0.0
2021-04-01 16:00:00+00:00,H19,H26,0.0
2021-04-01 16:00:00+00:00,H19,H49,0.0
2021-04-01 16:00:00+00:00,H19,H50,0.0
2021-04-01 16:00:00+00:00,H19,H68,0.0
2021-04-01 16:00:00+00:00,H19,H97,0.0
2021-04-01 16:00:00+00:00,H19,H98,0.0
2021-04-01 16:00:00+00:00,H26,H19,0.0
2021-04-01 16:00:00+00:00,H26,H26,0.0
2021-04-01 16:00:00+00:00,H26,H49,0.0
2021-04-01 16:00:00+00:00,H26,H50,0.0
2021-04-01 16:00:00+00:00,H26,H68,0.0
2021-04-01 16:00:00+00:00,H26,H97,0.0
2021-04-01 16:00:00+00:00,H26,H98,0.0
2021-04-01 16:00:00+00:00,H49,H19,0.0
2021-04-01 16:00:00+00:00,H49,H26,0.0
2021-04-01 16:00:00+00:00,H49,H49,0.0
2021-04-01 16:00:00+00:00,H49,H50,0.0
2021-04-01 16:00:00+00:00,H49,H68,0.0
2021-04-01 16:00:00+00:00,H49,H97,0.0
2021-04-01 16:00:00+00:00,H49,H98,0.0
2021-04-01 16:00:00+00:00,H50,H19,0.0
2021-04-01 16:00:00+00:00,H50,H26,0.0
2021-04-01 16:00:00+00:00,H50,H49,0.0
2021-04-01 16:00:00+00:00,H50,H50,0.0
2021-04-01 16:00:00+00:00,H50,H68,0.0
2021-04-01 16:00:00+00:00,H50,H97,0.0
2021-04-01 16:00:00+00:00,H50,H98,0.0
2021-04-01 16:00:00+00:00,H68,H19,0.0
2021-04-01 16:00:00+00:00,H68,H26,0.0
2021-04-01 16:00:00+00:00,H68,H49,0.0
2021-04-01 16:00:00+00:00,H68,H50,0.0
2021-04-01 16:00:00+00:00,H68,H68,0.0
2021-04-01 16:00:00+00:00,H68,H97,0.0
2021-04-01 16:00:00+00:00,H68,H98,0.0
2021-04-01 16:00:00+00:00,H97,H19,0.0
2021-04-01 16:00:00+00:00,H97,H26,0.0
2021-04-01 16:00:00+00:00,H97,H49,0.0
2021-04-01 16:00:00+00:00,H97,H50,0.0
2021-04-01 16:00:00+00:00,H97,H68,0.0
2021-04-01 16:00:00+00:00,H97,H97,0.0
2021-04-01 16:00:00+00:00,H97,H98,0.0
2021-04-01 16:00:00+00:00,H98,H19,0.0
2021-04-01 16:00:00+00:00,H98,H26,0.0
2021-04-01 16:00:00+00:00,H98,H49,0.0
2021-04-01 16:00:00+00:00,H98,H50,0.0
2021-04-01 16:00:00+00:00,H98,H68,0.0
2021-04-01 16:00:00+00:00,H98,H97,0.0
2021-04-01 16:00:00+00:00,H98,H98,0.0
2021-04-01 17:00:00+00:00,H19,H19,0.0
2021-04-01 17:00:00+00:00,H19,H26,0.0
2021-04-01 17:00:00+00:00,H19,H49,0.0
2021-04-01 17:00:00+00:00,H19,H50,0.0
2021-04-01 17:00:00+00:00,H19,H68,0.0
2021-04-01 17:00:00+00:00,H19,H97,0.0
2021-04-01 17:00:00+00:00,H19,H98,0.0
2021-04-01 17:00:00+00:00,H26,H19,0.0
2021-04-01 17:00:00+00:00,H26,H26,0.0
2021-04-01 17:00:00+00:00,H26,H49,0.0
2021-04-01 17:00:00+00:00,H26,H50,0.0
2021-04-01 17:00:00+00:00,H26,H68,0.0
2021-04-01 17:00:00+00:00,H26,H97,0.0
2021-04-01 17:00:00+00:00,H26,H98,0.0
2021-04-01 17:00:00+00:00,H49,H19,0.0
2021-04-01 17:00:00+00:00,H49,H26,0.0
2021-04-01 17:00:00+00:00,H49,H49,0.0
2021-04-01 17:00:00+00:00,H49,H50,0.0
2021-04-01 17:00:00+00:00,H49,H68,0.0
2021-04-01 17:00:00+00:00,H49,H97,0.0
2021-04-01 17:00:00+00:00,H49,H98,0.0
2021-04-01 17:00:00+00:00,H50,H19,0.0
2021-04-01 17:00:00+00:00,H50,H26,0.0
2021-04-01 17:00:00+00:00,H50,H49,0.0
2021-04-01 17:00:00+00:00,H50,H50,0.0
2021-04-01 17:00:00+00:00,H50,H68,0.0
2021-04-01 17:00:00+00:00,H50,H97,0.0
2021-04-01 17:00:00+00:00,H50,H98,0.0
2021-04-01 17:00:00+00:00,H68,H19,0.0
2021-04-01 17:00:00+00:00,H68,H26,0.0
2021-04-01 17:00:00+00:00,H68,H49,0.0
2021-04-01 17:00:00+00:00,H68,H50,0.0
2021-04-01 17:00:00+00:00,H68,H68,0.0
2021-04-01 17:00:00+00:00,H68,H97,0.0
2021-04-01 17:00:00+00:00,H68,H98,0.0
2021-04-01 17:00:00+00:00,H97,H19,0.0
2021-04-01 17:00:00+00:00,H97,H26,0.0
2021-04-01 17:00:00+00:00,H97,H49,0.0
2021-04-01 17:00:00+00:00,H97,H50,0.0
2021-04-01 17:00:00+00:00,H97,H68,0.0
2021-04-01 17:00:00+00:00,H97,H97,0.0
2021-04-01 17:00:00+00:00,H97,H98,0.0
2021-04-01 17:00:00+00:00,H98,H19,0.0
2021-04-01 17:00:00+00:00,H98,H26,0.0
2021-04-01 17:00:00+00:00,H98,H49,0.0
2021-04-01 17:00:00+00:00,H98,H50,0.0
2021-04-01 17:00:00+00:00,H98,H68,0.0
2021-04-01 17:00:00+00:00,H98,H97,0.0
2021-04-01 17:00:00+00:00,H98,H98,0.0
2021-04-01 18:00:00+00:00,H19,H19,0.0
2021-04-01 18:00:00+00:00,H19,H26,0.0
2021-04-01 18:00:00+00:00,H19,H49,0.0
2021-04-01 18:00:00+00:00,H19,H50,0.0
2021-04-01 18:00:00+00:00,H19,H68,0.0
2021-04-01 18:00:00+00:00,H19,H97,0.0
2021-04-01 18:00:00+00:00,H19,H98,0.0
2021-04-01 18:00:00+00:00,H26,H19,0.0
2021-04-01 18:00:00+00:00,H26,H26,0.0
2021-04-01 18:00:00+00:00,H26,H49,0.0
2021-04-01 18:00:00+00:00,H26,H50,0.0
2021-04-01 18:00:00+00:00,H26,H68,0.0
2021-04-01 18:00:00+00:00,H26,H97,0.0
2021-04-01 18:00:00+00:00,H26,H98,0.0
2021-04-01 18:00:00+00:00,H49,H19,0.0
2021-04-01 18:00:00+00:00,H49,H26,0.0
2021-04-01 18:00:00+00:00,H49,H49,0.0
2021-04-01 18:00:00+00:00,H49,H50,0.0
2021-04-01 18:00:00+00:00,H49,H68,0.0
2021-04-01 18:00:00+00:00,H49,H97,0.0
2021-04-01 18:00:00+00:00,H49,H98,0.0
2021-04-01 18:00:00+00:00,H50,H19,0.0
2021-04-01 18:00:00+00:00,H50,H26,0.0
2021-04-01 18:00:00+00:00,H50,H49,0.0
2021-04-01 18:00:00+00:00,H50,H50,0.0
2021-04-01 18:00:00+00:00,H50,H68,0.0
2021-04-01 18:00:00+00:00,H50,H97,0.0
2021-04-01 18:00:00+00:00,H50,H98,0.0
2021-04-01 18:00:00+00:00,H68,H19,0.0
2021-04-01 18:00:00+00:00,H68,H26,0.0
2021-04-01 18:00:00+00:00,H68,H49,0.0
2021-04-01 18:00:00+00:00,H68,H50,0.0
2021-04-01 18:00:00+00:00,H68,H68,0.0
2021-04-01 18:00:00+00:00,H68,H97,0.0
2021-04-01 18:00:00+00:00,H68,H98,0.0
2021-04-01 18:00:00+00:00,H97,H19,0.0
2021-04-01 18:00:00+00:00,H97,H26,0.0
2021-04-01 18:00:00+00:00,H97,H49,0.0
2021-04-01 18:00:00+00:00,H97,H50,0.0
2021-04-01 18:00:00+00:00,H97,H68,0.0
2021-04-01 18:00:00+00:00,H97,H97,0.0
2021-04-01 18:00:00+00:00,H97,H98,0.0
2021-04-01 18:00:00+00:00,H98,H19,0.0
2021-04-01 18:00:00+00:00,H98,H26,0.0
2021-04-01 18:00:00+00:00,H98,H49,0.0
2021-04-01 18:00:00+00:00,H98,H50,0.0
2021-04-01 18:00:00+00:00,H98,H68,0.0
2021-04-01 18:00:00+00:00,H98,H97,0.0
2021-04-01 18:00:00+00:00,H98,H98,0.0
2021-04-01 19:00:00+00:00,H19,H19,0.0
2021-04-01 19:00:00+00:00,H19,H26,0.0
2021-04-01 19:00:00+00:00,H19,H49,0.0
2021-04-01 19:00:00+00:00,H19,H50,0.0
2021-04-01 19:00:00+00:00,H19,H68,0.0
2021-04-01 19:00:00+00:00,H19,H97,0.0
2021-04-01 19:00:00+00:00,H19,H98,0.0
2021-04-01 19:00:00+00:00,H26,H19,0.0
2021-04-01 19:00:00+00:00,H26,H26,0.0
2021-04-01 19:00:00+00:00,H26,H49,0.0
2021-04-01 19:00:00+00:00,H26,H50,0.0
2021-04-01 19:00:00+00:00,H26,H68,0.0
2021-04-01 19:00:00+00:00,H26,H97,0.0
2021-04-01 19:00:00+00:00,H26,H98,0.0
2021-04-01 19:00:00+00:00,H49,H19,0.0
2021-04-01 19:00:00+00:00,H49,H26,0.0
2021-04-01 19:00:00+00:00,H49,H49,0.0
2021-04-01 19:00:00+00:00,H49,H50,0.0
2021-04-01 19:00:00+00:00,H49,H68,0.0
2021-04-01 19:00:00+00:00,H49,H97,0.0
2021-04-01 19:00:00+00:00,H49,H98,0.0
2021-04-01 19:00:00+00:00,H50,H19,0.0
2021-04-01 19:00:00+00:00,H50,H26,0.0
2021-04-01 19:00:00+00:00,H50,H49,0.0
2021-04-01 19:00:00+00:00,H50,H50,0.0
2021-04-01 19:00:00+00:00,H50,H68,0.0
2021-04-01 19:00:00+00:00,H50,H97,0.0
2021-04-01 19:00:00+00:00,H50,H98,0.0
2021-04-01 19:00:00+00:00,H68,H19,0.0
2021-04-01 19:00:00+00:00,H68,H26,0.0
2021-04-01 19:00:00+00:00,H68,H49,0.0
2021-04-01 19:00:00+00:00,H68,H50,0.0
2021-04-01 19:00:00+00:00,H68,H68,0.0
2021-04-01 19:00:00+00:00,H68,H97,0.0
2021-04-01 19:00:00+00:00,H68,H98,0.0
2021-04-01 19:00:00+00:00,H97,H19,0.0
2021-04-01 19:00:00+00:00,H97,H26,0.0
2021-04-01 19:00:00+00:00,H97,H49,0.0
2021-04-01 19:00:00+00:00,H97,H50,0.0
2021-04-01 19:00:00+00:00,H97,H68,0.0
2021-04-01 19:00:00+00:00,H97,H97,0.0
2021-04-01 19:00:00+00:00,H97,H98,0.0
2021-04-01 19:00:00+00:00,H98,H19,0.0
2021-04-01 19:00:00+00:00,H98,H26,0.0
2021-04-01 19:00:00+00:00,H98,H49,0.0
2021-04-01 19:00:00+00:00,H98,H50,0.0
2021-04-01 19:00:00+00:00,H98,H68,0.0
2021-04-01 19:00:00+00:00,H98,H97,0.0
2021-04-01 19:00:00+00:00,H98,H98,0.0
2021-04-01 20:00:00+00:00,H19,H19,0.0
2021-04-01 20:00:00+00:00,H19,H26,0.0
2021-04-01 20:00:00+00:00,H19,H49,0.0
2021-04-01 20:00:00+00:00,H19,H50,0.0
2021-04-01 20:00:00+00:00,H19,H68,0.0
2021-04-01 20:00:00+00:00,H19,H97,0.0
2021-04-01 20:00:00+00:00,H19,H98,0.0
2021-04-01 20:00:00+00:00,H26,H19,0.0
2021-04-01 20:00:00+00:00,H26,H26,0.0
2021-04-01 20:00:00+00:00,H26,H49,0.0
2021-04-01 20:00:00+00:00,H26,H50,0.0
2021-04-01 20:00:00+00:00,H26,H68,0.0
2021-04-01 20:00:00+00:00,H26,H97,0.0
2021-04-01 20:00:00+00:00,H26,H98,0.0
2021-04-01 20:00:00+00:00,H49,H19,0.0
2021-04-01 20:00:00+00:00,H49,H26,0.0
2021-04-01 20:00:00+00:00,H49,H49,0.0
2021-04-01 20:00:00+00:00,H49,H50,0.0
2021-04-01 20:00:00+00:00,H49,H68,0.0
2021-04-01 20:00:00+00:00,H49,H97,0.0
2021-04-01 20:00:00+00:00,H49,H98,0.0
2021-04-01 20:00:00+00:00,H50,H19,0.0
2021-04-01 20:00:00+00:00,H50,H26,0.0
2021-04-01 20:00:00+00:00,H50,H49,0.0
2021-04-01 20:00:00+00:00,H50,H50,0.0
2021-04-01 20:00:00+00:00,H50,H68,0.0
2021-04-01 20:00:00+00:00,H50,H97,0.0
2021-04-01 20:00:00+00:00,H50,H98,0.0
2021-04-01 20:00:00+00:00,H68,H19,0.0
2021-04-01 20:00:00+00:00,H68,H26,0.0
2021-04-01 20:00:00+00:00,H68,H49,0.0
2021-04-01 20:00:00+00:00,H68,H50,0.0
2021-04-01 20:00:00+00:00,H68,H68,0.0
2021-04-01 20:00:00+00:00,H68,H97,0.0
2021-04-01 20:00:00+00:00,H68,H98,0.0
2021-04-01 20:00:00+00:00,H97,H19,0.0
2021-04-01 20:00:00+00:00,H97,H26,0.0
2021-04-01 20:00:00+00:00,H97,H49,0.0
2021-04-01 20:00:00+00:00,H97,H50,0.0
2021-04-01 20:00:00+00:00,H97,H68,0.0
2021-04-01 20:00:00+00:00,H97,H97,0.0
2021-04-01 20:00:00+00:00,H97,H98,0.0
2021-04-01 20:00:00+00:00,H98,H19,0.0
2021-04-01 20:00:00+00:00,H98,H26,0.0
2021-04-01 20:00:00+00:00,H98,H49,0.0
2021-04-01 20:00:00+00:00,H98,H50,0.0
2021-04-01 20:00:00+00:00,H98,H68,0.0
2021-04-01 20:00:00+00:00,H98,H97,0.0
2021-04-01 20:00:00+00:00,H98,H98,0.0
2021-04-01 21:00:00+00:00,H19,H19,0.0
2021-04-01 21:00:00+00:00,H19,H26,0.0
2021-04-01 21:00:00+00:00,H19,H49,0.0
2021-04-01 21:00:00+00:00,H19,H50,0.0
2021-04-01 21:00:00+00:00,H19,H68,0.0
2021-04-01 21:00:00+00:00,H19,H97,0.0
2021-04-01 21:00:00+00:00,H19,H98,0.0
2021-04-01 21:00:00+00:00,H26,H19,0.0
2021-04-01 21:00:00+00:00,H26,H26,0.0
2021-04-01 21:00:00+00:00,H26,H49,0.0
2021-04-01 21:00:00+00:00,H26,H50,0.0
2021-04-01 21:00:00+00:00,H26,H68,0.0
2021-04-01 21:00:00+00:00,H26,H97,0.0
2021-04-01 21:00:00+00:00,H26,H98,0.0
2021-04-01 21:00:00+00:00,H49,H19,0.0
2021-04-01 21:00:00+00:00,H49,H26,0.0
2021-04-01 21:00:00+00:00,H49,H49,0.0
2021-04-01 21:00:00+00:00,H49,H50,0.0
2021-04-01 21:00:00+00:00,H49,H68,0.0
2021-04-01 21:00:00+00:00,H49,H97,0.0
2021-04-01 21:00:00+00:00,H49,H98,0.0
2021-04-01 21:00:00+00:00,H50,H19,0.0
2021-04-01 21:00:00+00:00,H50,H26,0.0
2021-04-01 21:00:00+00:00,H50,H49,0.0
2021-04-01 21:00:00+00:00,H50,H50,0.0
2021-04-01 21:00:00+00:00,H50,H68,0.0
2021-04-01 21:00:00+00:00,H50,H97,0.0
2021-04-01 21:00:00+00:00,H50,H98,0.0
2021-04-01 21:00:00+00:00,H68,H19,0.0
2021-04-01 21:00:00+00:00,H68,H26,0.0
2021-04-01 21:00:00+00:00,H68,H49,0.0
2021-04-01 21:00:00+00:00,H68,H50,0.0
2021-04-01 21:00:00+00:00,H68,H68,0.0
2021-04-01 21:00:00+00:00,H68,H97,0.0
2021-04-01 21:00:00+00:00,H68,H98,0.0
2021-04-01 21:00:00+00:00,H97,H19,0.0
2021-04-01 21:00:00+00:00,H97,H26,0.0
2021-04-01 21:00:00+00:00,H97,H49,0.0
2021-04-01 21:00:00+00:00,H97,H50,0.0
2021-04-01 21:00:00+00:00,H97,H68,0.0
2021-04-01 21:00:00+00:00,H97,H97,0.0
2021-04-01 21:00:00+00:00,H97,H98,0.0
2021-04-01 21:00:00+00:00,H98,H19,0.0
2021-04-01 21:00:00+00:00,H98,H26,0.0
2021-04-01 21:00:00+00:00,H98,H49,0.0
2021-04-01 21:00:00+00:00,H98,H50,0.0
2021-04-01 21:00:00+00:00,H98,H68,0.0
2021-04-01 21:00:00+00:00,H98,H97,0.0
2021-04-01 21:00:00+00:00,H98,H98,0.0
2021-04-01 22:00:00+00:00,H19,H19,0.0
2021-04-01 22:00:00+00:00,H19,H26,0.0
2021-04-01 22:00:00+00:00,H19,H49,0.0
2021-04-01 22:00:00+00:00,H19,H50,0.0
2021-04-01 22:00:00+00:00,H19,H68,0.0
2021-04-01 22:00:00+00:00,H19,H97,0.0
2021-04-01 22:00:00+00:00,H19,H98,0.0
2021-04-01 22:00:00+00:00,H26,H19,0.0
2021-04-01 22:00:00+00:00,H26,H26,0.0
2021-04-01 22:00:00+00:00,H26,H49,0.0
2021-04-01 22:00:00+00:00,H26,H50,0.0
2021-04-01 22:00:00+00:00,H26,H68,0.0
2021-04-01 22:00:00+00:00,H26,H97,0.0
2021-04-01 22:00:00+00:00,H26,H98,0.0
2021-04-01 22:00:00+00:00,H49,H19,0.0
2021-04-01 22:00:00+00:00,H49,H26,0.0
2021-04-01 22:00:00+00:00,H49,H49,0.0
2021-04-01 22:00:00+00:00,H49,H50,0.0
2021-04-01 22:00:00+00:00,H49,H68,0.0
2021-04-01 22:00:00+00:00,H49,H97,0.0
2021-04-01 22:00:00+00:00,H49,H98,0.0
2021-04-01 22:00:00+00:00,H50,H19,0.0
2021-04-01 22:00:00+00:00,H50,H26,0.0
2021-04-01 22:00:00+00:00,H50,H49,0.0
2021-04-01 22:00:00+00:00,H50,H50,0.0
2021-04-01 22:00:00+00:00,H50,H68,0.0
2021-04-01 22:00:00+00:00,H50,H97,0.0
2021-04-01 22:00:00+00:00,H50,H98,0.0
2021-04-01 22:00:00+00:00,H68,H19,0.0
2021-04-01 22:00:00+00:00,H68,H26,0.0
2021-04-01 22:00:00+00:00,H68,H49,0.0
2021-04-01 22:00:00+00:00,H68,H50,0.0
2021-04-01 22:00:00+00:00,H68,H68,0.0
2021-04-01 22:00:00+00:00,H68,H97,0.0
2021-04-01 22:00:00+00:00,H68,H98,0.0
2021-04-01 22:00:00+00:00,H97,H19,0.0
2021-04-01 22:00:00+00:00,H97,H26,0.0
2021-04-01 22:00:00+00:00,H97,H49,0.0
2021-04-01 22:00:00+00:00,H97,H50,0.0
2021-04-01 22:00:00+00:00,H97,H68,0.0
2021-04-01 22:00:00+00:00,H97,H97,0.0
2021-04-01 22:00:00+00:00,H97,H98,0.0
2021-04-01 22:00:00+00:00,H98,H19,0.0
2021-04-01 22:00:00+00:00,H98,H26,0.0
2021-04-01 22:00:00+00:00,H98,H49,0.0
2021-04-01 22:00:00+00:00,H98,H50,0.0
2021-04-01 22:00:00+00:00,H98,H68,0.0
2021-04-01 22:00:00+00:00,H98,H97,0.0
2021-04-01 22:00:00+00:00,H98,H98,0.0
2021-04-01 23:00:00+00:00,H19,H19,0.0
2021-04-01 23:00:00+00:00,H19,H26,0.0
2021-04-01 23:00:00+00:00,H19,H49,0.0
2021-04-01 23:00:00+00:00,H19,H50,0.0
2021-04-01 23:00:00+00:00,H19,H68,0.0
2021-04-01 23:00:00+00:00,H19,H97,0.0
2021-04-01 23:00:00+00:00,H19,H98,0.0
2021-04-01 23:00:00+00:00,H26,H19,0.0
2021-04-01 23:00:00+00:00,H26,H26,0.0
2021-04-01 23:00:00+00:00,H26,H49,0.0
2021-04-01 23:00:00+00:00,H26,H50,0.0
2021-04-01 23:00:00+00:00,H26,H68,0.0
2021-04-01 23:00:00+00:00,H26,H97,0.0
2021-04-01 23:00:00+00:00,H26,H98,0.0
2021-04-01 23:00:00+00:00,H49,H19,0.0
2021-04-01 23:00:00+00:00,H49,H26,0.0
2021-04-01 23:00:00+00:00,H49,H49,0.0
2021-04-01 23:00:00+00:00,H49,H50,0.0
2021-04-01 23:00:00+00:00,H49,H68,0.0
2021-04-01 23:00:00+00:00,H49,H97,0.0
2021-04-01 23:00:00+00:00,H49,H98,0.0
2021-04-01 23:00:00+00:00,H50,H19,0.0
2021-04-01 23:00:00+00:00,H50,H26,0.0
2021-04-01 23:00:00+00:00,H50,H49,0.0
2021-04-01 23:00:00+00:00,H50,H50,0.0
2021-04-01 23:00:00+00:00,H50,H68,0.0
2021-04-01 23:00:00+00:00,H50,H97,0.0
2021-04-01 23:00:00+00:00,H50,H98,0.0
2021-04-01 23:00:00+00:00,H68,H19,0.0
2021-04-01 23:00:00+00:00,H68,H26,0.0
2021-04-01 23:00:00+00:00,H68,H49,0.0
2021-04-01 23:00:00+00:00,H68,H50,0.0
2021-04-01 23:00:00+00:00,H68,H68,0.0
2021-04-01 23:00:00+00:00,H68,H97,0.0
2021-04-01 23:00:00+00:00,H68,H98,0.0
2021-04-01 23:00:00+00:00,H97,H19,0.0
2021-04-01 23:00:00+00:00,H97,H26,0.0
2021-04-01 23:00:00+00:00,H97,H49,0.0
2021-04-01 23:00:00+00:00,H97,H50,0.0
2021-04-01 23:00:00+00:00,H97,H68,0.0
2021-04-01 23:00:00+00:00,H97,H97,0.0
2021-04-01 23:00:00+00:00,H97,H98,0.0
2021-04-01 23:00:00+00:00,H98,H19,0.0
2021-04-01 23:00:00+00:00,H98,H26,0.0
2021-04-01 23:00:00+00:00,H98,H49,0.0
2021-04-01 23:00:00+00:00,H98,H50,0.0
2021-04-01 23:00:00+00:00,H98,H68,0.0
2021-04-01 23:00:00+00:00,H98,H97,0.0
2021-04-01 23:00:00+00:00,H98,H98,0.0
