,Euro/MWh,NOK/kWh
2021-04-01 00:00:00+00:00,18.52,0.187052
2021-04-01 01:00:00+00:00,17.94,0.181194
2021-04-01 02:00:00+00:00,16.83,0.169983
2021-04-01 03:00:00+00:00,16.91,0.170791
2021-04-01 04:00:00+00:00,18.34,0.185234
2021-04-01 05:00:00+00:00,26.91,0.271791
2021-04-01 06:00:00+00:00,51.77,0.522877
2021-04-01 07:00:00+00:00,63.28,0.639128
2021-04-01 08:00:00+00:00,67.04,0.677104
2021-04-01 09:00:00+00:00,62.42,0.630442
2021-04-01 10:00:00+00:00,59.39,0.599839
2021-04-01 11:00:00+00:00,54.72,0.552672
2021-04-01 12:00:00+00:00,53.8,0.54338
2021-04-01 13:00:00+00:00,52.9,0.53429
2021-04-01 14:00:00+00:00,35.39,0.357439
2021-04-01 15:00:00+00:00,37.44,0.378144
2021-04-01 16:00:00+00:00,42.01,0.424301
2021-04-01 17:00:00+00:00,48.4,0.48884
2021-04-01 18:00:00+00:00,55.82,0.563782
2021-04-01 19:00:00+00:00,62.19,0.628119
2021-04-01 20:00:00+00:00,39.77,0.401677
2021-04-01 21:00:00+00:00,59.81,0.604081
2021-04-01 22:00:00+00:00,44.9,0.45349
2021-04-01 23:00:00+00:00,52.77,0.532977
2021-04-02 00:00:00+00:00,17.57,0.177457
2021-04-02 01:00:00+00:00,17.35,0.175235
2021-04-02 02:00:00+00:00,16.96,0.171296
2021-04-02 03:00:00+00:00,17.2,0.17372
2021-04-02 04:00:00+00:00,17.53,0.177053
2021-04-02 05:00:00+00:00,17.82,0.179982
2021-04-02 06:00:00+00:00,17.98,0.181598
2021-04-02 07:00:00+00:00,18.41,0.185941
2021-04-02 08:00:00+00:00,18.72,0.189072
2021-04-02 09:00:00+00:00,18.66,0.188466
2021-04-02 10:00:00+00:00,18.45,0.186345
2021-04-02 11:00:00+00:00,18.42,0.186042
2021-04-02 12:00:00+00:00,18.09,0.182709
2021-04-02 13:00:00+00:00,10.23,0.103323
2021-04-02 14:00:00+00:00,6.01,0.060701
2021-04-02 15:00:00+00:00,6.96,0.070296
2021-04-02 16:00:00+00:00,9.65,0.097465
2021-04-02 17:00:00+00:00,16.65,0.168165
2021-04-02 18:00:00+00:00,18.61,0.187961
2021-04-02 19:00:00+00:00,18.72,0.189072
2021-04-02 20:00:00+00:00,18.86,0.190486
2021-04-02 21:00:00+00:00,18.56,0.187456
2021-04-02 22:00:00+00:00,18.17,0.183517
2021-04-02 23:00:00+00:00,17.58,0.177558
2021-04-03 00:00:00+00:00,17.78,0.179578
2021-04-03 01:00:00+00:00,17.61,0.177861
2021-04-03 02:00:00+00:00,17.14,0.173114
2021-04-03 03:00:00+00:00,17.52,0.176952
2021-04-03 04:00:00+00:00,17.94,0.181194
2021-04-03 05:00:00+00:00,18.01,0.181901
2021-04-03 06:00:00+00:00,18.38,0.185638
2021-04-03 07:00:00+00:00,19.35,0.195435
2021-04-03 08:00:00+00:00,20.01,0.202101
2021-04-03 09:00:00+00:00,20.71,0.209171
2021-04-03 10:00:00+00:00,20.94,0.211494
2021-04-03 11:00:00+00:00,20.66,0.208666
2021-04-03 12:00:00+00:00,20.59,0.207959
2021-04-03 13:00:00+00:00,19.73,0.199273
2021-04-03 14:00:00+00:00,16.79,0.169579
2021-04-03 15:00:00+00:00,13.55,0.136855
2021-04-03 16:00:00+00:00,17.96,0.181396
2021-04-03 17:00:00+00:00,18.59,0.187759
2021-04-03 18:00:00+00:00,18.6,0.18786
2021-04-03 19:00:00+00:00,18.61,0.187961
2021-04-03 20:00:00+00:00,18.49,0.186749
2021-04-03 21:00:00+00:00,18.39,0.185739
2021-04-03 22:00:00+00:00,17.54,0.177154
2021-04-03 23:00:00+00:00,16.02,0.161802
2021-04-04 00:00:00+00:00,14.41,0.145541
2021-04-04 01:00:00+00:00,13.68,0.138168
2021-04-04 02:00:00+00:00,12.47,0.125947
2021-04-04 03:00:00+00:00,11.4,0.11514
2021-04-04 04:00:00+00:00,11.45,0.115645
2021-04-04 05:00:00+00:00,11.97,0.120897
2021-04-04 06:00:00+00:00,11.18,0.112918
2021-04-04 07:00:00+00:00,13.56,0.136956
2021-04-04 08:00:00+00:00,15.71,0.158671
2021-04-04 09:00:00+00:00,17.05,0.172205
2021-04-04 10:00:00+00:00,17.11,0.172811
2021-04-04 11:00:00+00:00,15.38,0.155338
2021-04-04 12:00:00+00:00,13.36,0.134936
2021-04-04 13:00:00+00:00,6.01,0.060701
2021-04-04 14:00:00+00:00,3.66,0.036966
2021-04-04 15:00:00+00:00,1.49,0.015049
2021-04-04 16:00:00+00:00,1.5,0.01515
2021-04-04 17:00:00+00:00,7.01,0.070801
2021-04-04 18:00:00+00:00,11.95,0.120695
2021-04-04 19:00:00+00:00,13.06,0.131906
2021-04-04 20:00:00+00:00,11.66,0.117766
2021-04-04 21:00:00+00:00,10.53,0.106353
2021-04-04 22:00:00+00:00,7.54,0.076154
2021-04-04 23:00:00+00:00,7.74,0.078174
2021-04-05 00:00:00+00:00,7.51,0.075851
2021-04-05 01:00:00+00:00,7.49,0.075649
2021-04-05 02:00:00+00:00,7.52,0.075952
2021-04-05 03:00:00+00:00,7.53,0.076053
2021-04-05 04:00:00+00:00,7.53,0.076053
2021-04-05 05:00:00+00:00,8.27,0.083527
2021-04-05 06:00:00+00:00,8.18,0.082618
2021-04-05 07:00:00+00:00,8.75,0.088375
2021-04-05 08:00:00+00:00,8.79,0.088779
2021-04-05 09:00:00+00:00,9.14,0.092314
2021-04-05 10:00:00+00:00,9.66,0.097566
2021-04-05 11:00:00+00:00,10.06,0.101606
2021-04-05 12:00:00+00:00,9.21,0.093021
2021-04-05 13:00:00+00:00,8.75,0.088375
2021-04-05 14:00:00+00:00,5.05,0.051005
2021-04-05 15:00:00+00:00,4.1,0.04141
2021-04-05 16:00:00+00:00,4.44,0.044844
2021-04-05 17:00:00+00:00,5.65,0.057065
2021-04-05 18:00:00+00:00,9.43,0.095243
2021-04-05 19:00:00+00:00,18.66,0.188466
2021-04-05 20:00:00+00:00,19.88,0.200788
2021-04-05 21:00:00+00:00,19.48,0.196748
2021-04-05 22:00:00+00:00,18.03,0.182103
2021-04-05 23:00:00+00:00,10.47,0.105747
2021-04-06 00:00:00+00:00,14.7,0.14847
2021-04-06 01:00:00+00:00,13.9,0.14039
2021-04-06 02:00:00+00:00,12.37,0.124937
2021-04-06 03:00:00+00:00,14.19,0.143319
2021-04-06 04:00:00+00:00,15.64,0.157964
2021-04-06 05:00:00+00:00,19.68,0.198768
2021-04-06 06:00:00+00:00,20.64,0.208464
2021-04-06 07:00:00+00:00,20.7,0.20907
2021-04-06 08:00:00+00:00,21.68,0.218968
2021-04-06 09:00:00+00:00,22,0.2222
2021-04-06 10:00:00+00:00,21.59,0.218059
2021-04-06 11:00:00+00:00,21.16,0.213716
2021-04-06 12:00:00+00:00,20.88,0.210888
2021-04-06 13:00:00+00:00,19,0.1919
2021-04-06 14:00:00+00:00,18,0.1818
2021-04-06 15:00:00+00:00,17.61,0.177861
2021-04-06 16:00:00+00:00,20.26,0.204626
2021-04-06 17:00:00+00:00,20.73,0.209373
2021-04-06 18:00:00+00:00,20.52,0.207252
2021-04-06 19:00:00+00:00,20.29,0.204929
2021-04-06 20:00:00+00:00,20.01,0.202101
2021-04-06 21:00:00+00:00,19.47,0.196647
2021-04-06 22:00:00+00:00,18.97,0.191597
2021-04-06 23:00:00+00:00,18.85,0.190385
2021-04-07 00:00:00+00:00,17.49,0.176649
2021-04-07 01:00:00+00:00,16.93,0.170993
2021-04-07 02:00:00+00:00,16.85,0.170185
2021-04-07 03:00:00+00:00,16.98,0.171498
2021-04-07 04:00:00+00:00,17.31,0.174831
2021-04-07 05:00:00+00:00,17.97,0.181497
2021-04-07 06:00:00+00:00,18.16,0.183416
2021-04-07 07:00:00+00:00,18.93,0.191193
2021-04-07 08:00:00+00:00,19.75,0.199475
2021-04-07 09:00:00+00:00,20.02,0.202102
2021-04-07 10:00:00+00:00,20.29,0.204929
2021-04-07 11:00:00+00:00,20.54,0.207454
2021-04-07 12:00:00+00:00,20.72,0.209272
2021-04-07 13:00:00+00:00,20.91,0.211191
2021-04-07 14:00:00+00:00,20.9,0.21109
2021-04-07 15:00:00+00:00,20.84,0.210484
2021-04-07 16:00:00+00:00,20.69,0.208969
2021-04-07 17:00:00+00:00,20.85,0.210585
2021-04-07 18:00:00+00:00,21,0.2121
2021-04-07 19:00:00+00:00,21.52,0.217352
2021-04-07 20:00:00+00:00,21.44,0.216544
2021-04-07 21:00:00+00:00,20.93,0.211393
2021-04-07 22:00:00+00:00,20.75,0.209575
2021-04-07 23:00:00+00:00,20.55,0.207555
2021-04-08 00:00:00+00:00,22.49,0.227149
2021-04-08 01:00:00+00:00,22.86,0.230886
2021-04-08 02:00:00+00:00,22.85,0.230785
2021-04-08 03:00:00+00:00,22.88,0.231088
2021-04-08 04:00:00+00:00,23.26,0.234926
2021-04-08 05:00:00+00:00,22.91,0.231391
2021-04-08 06:00:00+00:00,24.29,0.245329
2021-04-08 07:00:00+00:00,29.28,0.295728
2021-04-08 08:00:00+00:00,57.14,0.577114
2021-04-08 09:00:00+00:00,56.21,0.567721
2021-04-08 10:00:00+00:00,49.9,0.50399
2021-04-08 11:00:00+00:00,36,0.3636
2021-04-08 12:00:00+00:00,32.19,0.325119
2021-04-08 13:00:00+00:00,29.94,0.302394
2021-04-08 14:00:00+00:00,29.16,0.294516
2021-04-08 15:00:00+00:00,28.32,0.286032
2021-04-08 16:00:00+00:00,26.21,0.264721
2021-04-08 17:00:00+00:00,26.12,0.263812
2021-04-08 18:00:00+00:00,25.24,0.254924
2021-04-08 19:00:00+00:00,24.41,0.246541
2021-04-08 20:00:00+00:00,23.43,0.236643
2021-04-08 21:00:00+00:00,21.75,0.219675
2021-04-08 22:00:00+00:00,20.47,0.206747
2021-04-08 23:00:00+00:00,18.27,0.184527
2021-04-09 00:00:00+00:00,17.96,0.181396
2021-04-09 01:00:00+00:00,18.07,0.182507
2021-04-09 02:00:00+00:00,18.51,0.186951
2021-04-09 03:00:00+00:00,19.47,0.196647
2021-04-09 04:00:00+00:00,19.9,0.20099
2021-04-09 05:00:00+00:00,20.18,0.203818
2021-04-09 06:00:00+00:00,19.96,0.201596
2021-04-09 07:00:00+00:00,23.02,0.232502
2021-04-09 08:00:00+00:00,23.3,0.23533
2021-04-09 09:00:00+00:00,23.22,0.234522
2021-04-09 10:00:00+00:00,22.56,0.227856
2021-04-09 11:00:00+00:00,20.23,0.204323
2021-04-09 12:00:00+00:00,19.34,0.195334
2021-04-09 13:00:00+00:00,18.54,0.187254
2021-04-09 14:00:00+00:00,17.97,0.181497
2021-04-09 15:00:00+00:00,17.99,0.181699
2021-04-09 16:00:00+00:00,17.6,0.17776
2021-04-09 17:00:00+00:00,18.44,0.186244
2021-04-09 18:00:00+00:00,20.03,0.202303
2021-04-09 19:00:00+00:00,20.97,0.211797
2021-04-09 20:00:00+00:00,20.68,0.208868
2021-04-09 21:00:00+00:00,20.36,0.205636
2021-04-09 22:00:00+00:00,18.41,0.185941
2021-04-09 23:00:00+00:00,17.83,0.180083
2021-04-10 00:00:00+00:00,19.56,0.197556
2021-04-10 01:00:00+00:00,19.08,0.192708
2021-04-10 02:00:00+00:00,18.71,0.188971
2021-04-10 03:00:00+00:00,18.43,0.186143
2021-04-10 04:00:00+00:00,19.15,0.193415
2021-04-10 05:00:00+00:00,18.39,0.185739
2021-04-10 06:00:00+00:00,18.79,0.189779
2021-04-10 07:00:00+00:00,19.32,0.195132
2021-04-10 08:00:00+00:00,20.65,0.208565
2021-04-10 09:00:00+00:00,20.96,0.211696
2021-04-10 10:00:00+00:00,21.27,0.214827
2021-04-10 11:00:00+00:00,20.99,0.211999
2021-04-10 12:00:00+00:00,20.78,0.209878
2021-04-10 13:00:00+00:00,20.5,0.20705
2021-04-10 14:00:00+00:00,19.11,0.193011
2021-04-10 15:00:00+00:00,18.88,0.190688
2021-04-10 16:00:00+00:00,19.99,0.201899
2021-04-10 17:00:00+00:00,20.91,0.211191
2021-04-10 18:00:00+00:00,21.89,0.221089
2021-04-10 19:00:00+00:00,21.41,0.216241
2021-04-10 20:00:00+00:00,20.92,0.211292
2021-04-10 21:00:00+00:00,20.86,0.210686
2021-04-10 22:00:00+00:00,20.34,0.205434
2021-04-10 23:00:00+00:00,18.91,0.190991
2021-04-11 00:00:00+00:00,21.96,0.221796
2021-04-11 01:00:00+00:00,22.01,0.222301
2021-04-11 02:00:00+00:00,21.94,0.221594
2021-04-11 03:00:00+00:00,22.01,0.222301
2021-04-11 04:00:00+00:00,22.06,0.222806
2021-04-11 05:00:00+00:00,21.43,0.216443
2021-04-11 06:00:00+00:00,21.23,0.214423
2021-04-11 07:00:00+00:00,21.26,0.214726
2021-04-11 08:00:00+00:00,21.44,0.216544
2021-04-11 09:00:00+00:00,22.03,0.222503
2021-04-11 10:00:00+00:00,22.46,0.226846
2021-04-11 11:00:00+00:00,22.54,0.227654
2021-04-11 12:00:00+00:00,22.47,0.226947
2021-04-11 13:00:00+00:00,22.07,0.222907
2021-04-11 14:00:00+00:00,21.78,0.219978
2021-04-11 15:00:00+00:00,22.59,0.228159
2021-04-11 16:00:00+00:00,23.07,0.233007
2021-04-11 17:00:00+00:00,24.9,0.25149
2021-04-11 18:00:00+00:00,25.21,0.254621
2021-04-11 19:00:00+00:00,25.83,0.260883
2021-04-11 20:00:00+00:00,25.83,0.260883
2021-04-11 21:00:00+00:00,25.68,0.259368
2021-04-11 22:00:00+00:00,25.22,0.254722
2021-04-11 23:00:00+00:00,22.6,0.22826
2021-04-12 00:00:00+00:00,20.82,0.210282
2021-04-12 01:00:00+00:00,20.69,0.208969
2021-04-12 02:00:00+00:00,20.54,0.207454
2021-04-12 03:00:00+00:00,20.61,0.208161
2021-04-12 04:00:00+00:00,20.76,0.209676
2021-04-12 05:00:00+00:00,23.22,0.234522
2021-04-12 06:00:00+00:00,26.94,0.272094
2021-04-12 07:00:00+00:00,27.18,0.274518
2021-04-12 08:00:00+00:00,28.02,0.283002
2021-04-12 09:00:00+00:00,24.9,0.25149
2021-04-12 10:00:00+00:00,24.92,0.251692
2021-04-12 11:00:00+00:00,24.56,0.248056
2021-04-12 12:00:00+00:00,24.42,0.246642
2021-04-12 13:00:00+00:00,23.49,0.237249
2021-04-12 14:00:00+00:00,23.17,0.234017
2021-04-12 15:00:00+00:00,23.15,0.233815
2021-04-12 16:00:00+00:00,22.98,0.232098
2021-04-12 17:00:00+00:00,22.82,0.230482
2021-04-12 18:00:00+00:00,21.87,0.220887
2021-04-12 19:00:00+00:00,21.99,0.222099
2021-04-12 20:00:00+00:00,22.28,0.225028
2021-04-12 21:00:00+00:00,22.12,0.223412
2021-04-12 22:00:00+00:00,21.73,0.219473
2021-04-12 23:00:00+00:00,21.34,0.215534
2021-04-13 00:00:00+00:00,21.8,0.22018
2021-04-13 01:00:00+00:00,21.7,0.21917
2021-04-13 02:00:00+00:00,21.66,0.218766
2021-04-13 03:00:00+00:00,21.92,0.221392
2021-04-13 04:00:00+00:00,22.28,0.225028
2021-04-13 05:00:00+00:00,22.92,0.231492
2021-04-13 06:00:00+00:00,22.22,0.224422
2021-04-13 07:00:00+00:00,22.96,0.231896
2021-04-13 08:00:00+00:00,23.97,0.242097
2021-04-13 09:00:00+00:00,24.53,0.247753
2021-04-13 10:00:00+00:00,24.98,0.252298
2021-04-13 11:00:00+00:00,26.19,0.264519
2021-04-13 12:00:00+00:00,28.85,0.291385
2021-04-13 13:00:00+00:00,28.24,0.285224
2021-04-13 14:00:00+00:00,26.89,0.271589
2021-04-13 15:00:00+00:00,24.64,0.248864
2021-04-13 16:00:00+00:00,24.25,0.244925
2021-04-13 17:00:00+00:00,23.95,0.241895
2021-04-13 18:00:00+00:00,24.01,0.242501
2021-04-13 19:00:00+00:00,23.97,0.242097
2021-04-13 20:00:00+00:00,24.5,0.24745
2021-04-13 21:00:00+00:00,23.72,0.239572
2021-04-13 22:00:00+00:00,23.11,0.233411
2021-04-13 23:00:00+00:00,22.08,0.223008
2021-04-14 00:00:00+00:00,24.46,0.247046
2021-04-14 01:00:00+00:00,23.62,0.238562
2021-04-14 02:00:00+00:00,23.01,0.232401
2021-04-14 03:00:00+00:00,22.97,0.231997
2021-04-14 04:00:00+00:00,22.58,0.228058
2021-04-14 05:00:00+00:00,22.43,0.226543
2021-04-14 06:00:00+00:00,21.91,0.221291
2021-04-14 07:00:00+00:00,23.98,0.242198
2021-04-14 08:00:00+00:00,25.09,0.253409
2021-04-14 09:00:00+00:00,25.4,0.25654
2021-04-14 10:00:00+00:00,25.22,0.254722
2021-04-14 11:00:00+00:00,24.48,0.247248
2021-04-14 12:00:00+00:00,23.97,0.242097
2021-04-14 13:00:00+00:00,23.94,0.241794
2021-04-14 14:00:00+00:00,23.59,0.238259
2021-04-14 15:00:00+00:00,23.52,0.237552
2021-04-14 16:00:00+00:00,23.37,0.236037
2021-04-14 17:00:00+00:00,23.95,0.241895
2021-04-14 18:00:00+00:00,24.58,0.248258
2021-04-14 19:00:00+00:00,25.59,0.258459
2021-04-14 20:00:00+00:00,25.65,0.259065
2021-04-14 21:00:00+00:00,24.93,0.251793
2021-04-14 22:00:00+00:00,23.73,0.239673
2021-04-14 23:00:00+00:00,22.73,0.229573
2021-04-15 00:00:00+00:00,25.54,0.257954
2021-04-15 01:00:00+00:00,25.51,0.257651
2021-04-15 02:00:00+00:00,25.34,0.255934
2021-04-15 03:00:00+00:00,25.26,0.255126
2021-04-15 04:00:00+00:00,25.18,0.254318
2021-04-15 05:00:00+00:00,24.99,0.252399
2021-04-15 06:00:00+00:00,25.4,0.25654
2021-04-15 07:00:00+00:00,26.16,0.264216
2021-04-15 08:00:00+00:00,27.84,0.281184
2021-04-15 09:00:00+00:00,28.98,0.292698
2021-04-15 10:00:00+00:00,29.53,0.298253
2021-04-15 11:00:00+00:00,29.56,0.298556
2021-04-15 12:00:00+00:00,28.94,0.292294
2021-04-15 13:00:00+00:00,27.73,0.280073
2021-04-15 14:00:00+00:00,27.56,0.278356
2021-04-15 15:00:00+00:00,28.09,0.283709
2021-04-15 16:00:00+00:00,28.37,0.286537
2021-04-15 17:00:00+00:00,29.66,0.299566
2021-04-15 18:00:00+00:00,30.12,0.304212
2021-04-15 19:00:00+00:00,29.59,0.298859
2021-04-15 20:00:00+00:00,28.52,0.288052
2021-04-15 21:00:00+00:00,26.58,0.268458
2021-04-15 22:00:00+00:00,26.22,0.264822
2021-04-15 23:00:00+00:00,25.38,0.256338
2021-04-16 00:00:00+00:00,26.92,0.271892
2021-04-16 01:00:00+00:00,26.38,0.266438
2021-04-16 02:00:00+00:00,26,0.2626
2021-04-16 03:00:00+00:00,26.54,0.268054
2021-04-16 04:00:00+00:00,27.1,0.27371
2021-04-16 05:00:00+00:00,29.98,0.302798
2021-04-16 06:00:00+00:00,31.01,0.313201
2021-04-16 07:00:00+00:00,31.51,0.318251
2021-04-16 08:00:00+00:00,33.63,0.339663
2021-04-16 09:00:00+00:00,33.39,0.337239
2021-04-16 10:00:00+00:00,32.41,0.327341
2021-04-16 11:00:00+00:00,31.52,0.318352
2021-04-16 12:00:00+00:00,30.92,0.312292
2021-04-16 13:00:00+00:00,30.71,0.310171
2021-04-16 14:00:00+00:00,30.99,0.312999
2021-04-16 15:00:00+00:00,30.93,0.312393
2021-04-16 16:00:00+00:00,30.48,0.307848
2021-04-16 17:00:00+00:00,30.91,0.312191
2021-04-16 18:00:00+00:00,31.3,0.31613
2021-04-16 19:00:00+00:00,31.49,0.318049
2021-04-16 20:00:00+00:00,31.86,0.321786
2021-04-16 21:00:00+00:00,27.65,0.279265
2021-04-16 22:00:00+00:00,26.97,0.272397
2021-04-16 23:00:00+00:00,26.85,0.271185
2021-04-17 00:00:00+00:00,28.28,0.285628
2021-04-17 01:00:00+00:00,26.98,0.272498
2021-04-17 02:00:00+00:00,25.9,0.26159
2021-04-17 03:00:00+00:00,26.34,0.266034
2021-04-17 04:00:00+00:00,26.9,0.27169
2021-04-17 05:00:00+00:00,26.71,0.269771
2021-04-17 06:00:00+00:00,25.39,0.256439
2021-04-17 07:00:00+00:00,26.85,0.271185
2021-04-17 08:00:00+00:00,26.51,0.267751
2021-04-17 09:00:00+00:00,27.08,0.273508
2021-04-17 10:00:00+00:00,27.4,0.27674
2021-04-17 11:00:00+00:00,26.3,0.26563
2021-04-17 12:00:00+00:00,25.07,0.253207
2021-04-17 13:00:00+00:00,24.88,0.251288
2021-04-17 14:00:00+00:00,24.71,0.249571
2021-04-17 15:00:00+00:00,24.76,0.250076
2021-04-17 16:00:00+00:00,25.02,0.252702
2021-04-17 17:00:00+00:00,26.16,0.264216
2021-04-17 18:00:00+00:00,27.25,0.275225
2021-04-17 19:00:00+00:00,27.61,0.278861
2021-04-17 20:00:00+00:00,27.19,0.274619
2021-04-17 21:00:00+00:00,27.01,0.272801
2021-04-17 22:00:00+00:00,26.81,0.270781
2021-04-17 23:00:00+00:00,25.21,0.254621
2021-04-18 00:00:00+00:00,24.82,0.250682
2021-04-18 01:00:00+00:00,24.42,0.246642
2021-04-18 02:00:00+00:00,24.11,0.243511
2021-04-18 03:00:00+00:00,24.19,0.244319
2021-04-18 04:00:00+00:00,24.31,0.245531
2021-04-18 05:00:00+00:00,24.43,0.246743
2021-04-18 06:00:00+00:00,24.5,0.24745
2021-04-18 07:00:00+00:00,24.69,0.249369
2021-04-18 08:00:00+00:00,24.94,0.251894
2021-04-18 09:00:00+00:00,25.82,0.260782
2021-04-18 10:00:00+00:00,25.95,0.262095
2021-04-18 11:00:00+00:00,24.98,0.252298
2021-04-18 12:00:00+00:00,24.93,0.251793
2021-04-18 13:00:00+00:00,24.7,0.24947
2021-04-18 14:00:00+00:00,24.59,0.248359
2021-04-18 15:00:00+00:00,24.47,0.247147
2021-04-18 16:00:00+00:00,24.82,0.250682
2021-04-18 17:00:00+00:00,25.76,0.260176
2021-04-18 18:00:00+00:00,26.94,0.272094
2021-04-18 19:00:00+00:00,26.49,0.267549
2021-04-18 20:00:00+00:00,26.1,0.26361
2021-04-18 21:00:00+00:00,25.58,0.258358
2021-04-18 22:00:00+00:00,24.82,0.250682
2021-04-18 23:00:00+00:00,23.75,0.239875
2021-04-19 00:00:00+00:00,21.86,0.220786
2021-04-19 01:00:00+00:00,22.06,0.222806
2021-04-19 02:00:00+00:00,21.97,0.221897
2021-04-19 03:00:00+00:00,22.5,0.22725
2021-04-19 04:00:00+00:00,23.33,0.235633
2021-04-19 05:00:00+00:00,26.99,0.272599
2021-04-19 06:00:00+00:00,33.31,0.336431
2021-04-19 07:00:00+00:00,49.95,0.504495
2021-04-19 08:00:00+00:00,53.78,0.543178
2021-04-19 09:00:00+00:00,51.05,0.515605
2021-04-19 10:00:00+00:00,51.1,0.51611
2021-04-19 11:00:00+00:00,47.89,0.483689
2021-04-19 12:00:00+00:00,46.95,0.474195
2021-04-19 13:00:00+00:00,40,0.404
2021-04-19 14:00:00+00:00,34.97,0.353197
2021-04-19 15:00:00+00:00,33.77,0.341077
2021-04-19 16:00:00+00:00,32.49,0.328149
2021-04-19 17:00:00+00:00,30.85,0.311585
2021-04-19 18:00:00+00:00,29.04,0.293304
2021-04-19 19:00:00+00:00,26.97,0.272397
2021-04-19 20:00:00+00:00,26.46,0.267246
2021-04-19 21:00:00+00:00,25.56,0.258156
2021-04-19 22:00:00+00:00,24.41,0.246541
2021-04-19 23:00:00+00:00,22.85,0.230785
2021-04-20 00:00:00+00:00,23.66,0.238966
2021-04-20 01:00:00+00:00,23.49,0.237249
2021-04-20 02:00:00+00:00,23.41,0.236441
2021-04-20 03:00:00+00:00,23.79,0.240279
2021-04-20 04:00:00+00:00,24.4,0.24644
2021-04-20 05:00:00+00:00,24.75,0.249975
2021-04-20 06:00:00+00:00,26.5,0.26765
2021-04-20 07:00:00+00:00,28.83,0.291183
2021-04-20 08:00:00+00:00,32.39,0.327139
2021-04-20 09:00:00+00:00,33.49,0.338249
2021-04-20 10:00:00+00:00,32.09,0.324109
2021-04-20 11:00:00+00:00,29.54,0.298354
2021-04-20 12:00:00+00:00,28.06,0.283406
2021-04-20 13:00:00+00:00,26.18,0.264418
2021-04-20 14:00:00+00:00,25.07,0.253207
2021-04-20 15:00:00+00:00,24.75,0.249975
2021-04-20 16:00:00+00:00,24.24,0.244824
2021-04-20 17:00:00+00:00,24.34,0.245834
2021-04-20 18:00:00+00:00,24.87,0.251187
2021-04-20 19:00:00+00:00,24.64,0.248864
2021-04-20 20:00:00+00:00,24.52,0.247652
2021-04-20 21:00:00+00:00,23.08,0.233108
2021-04-20 22:00:00+00:00,22.42,0.226442
2021-04-20 23:00:00+00:00,22.15,0.223715
2021-04-21 00:00:00+00:00,22.02,0.222402
2021-04-21 01:00:00+00:00,21.98,0.221998
2021-04-21 02:00:00+00:00,22.05,0.222705
2021-04-21 03:00:00+00:00,22.17,0.223917
2021-04-21 04:00:00+00:00,23.12,0.233512
2021-04-21 05:00:00+00:00,24.85,0.250985
2021-04-21 06:00:00+00:00,27.02,0.272902
2021-04-21 07:00:00+00:00,29.31,0.296031
2021-04-21 08:00:00+00:00,34.12,0.344612
2021-04-21 09:00:00+00:00,32.71,0.330371
2021-04-21 10:00:00+00:00,29.69,0.299869
2021-04-21 11:00:00+00:00,28.95,0.292395
2021-04-21 12:00:00+00:00,28,0.2828
2021-04-21 13:00:00+00:00,27.31,0.275831
2021-04-21 14:00:00+00:00,26.53,0.267953
2021-04-21 15:00:00+00:00,25.98,0.262398
2021-04-21 16:00:00+00:00,24.92,0.251692
2021-04-21 17:00:00+00:00,24.68,0.249268
2021-04-21 18:00:00+00:00,25.04,0.252904
2021-04-21 19:00:00+00:00,25.2,0.25452
2021-04-21 20:00:00+00:00,25.42,0.256742
2021-04-21 21:00:00+00:00,24.4,0.24644
2021-04-21 22:00:00+00:00,23.53,0.237653
2021-04-21 23:00:00+00:00,23.73,0.239673
2021-04-22 00:00:00+00:00,21.86,0.220786
2021-04-22 01:00:00+00:00,21.69,0.219069
2021-04-22 02:00:00+00:00,21.56,0.217756
2021-04-22 03:00:00+00:00,21.4,0.21614
2021-04-22 04:00:00+00:00,21.43,0.216443
2021-04-22 05:00:00+00:00,21.11,0.213211
2021-04-22 06:00:00+00:00,21.82,0.220382
2021-04-22 07:00:00+00:00,22.09,0.223109
2021-04-22 08:00:00+00:00,22.52,0.227452
2021-04-22 09:00:00+00:00,22.53,0.227553
2021-04-22 10:00:00+00:00,22.5,0.22725
2021-04-22 11:00:00+00:00,22.4,0.22624
2021-04-22 12:00:00+00:00,22.04,0.222604
2021-04-22 13:00:00+00:00,22,0.2222
2021-04-22 14:00:00+00:00,21.71,0.219271
2021-04-22 15:00:00+00:00,21.51,0.217251
2021-04-22 16:00:00+00:00,21.53,0.217453
2021-04-22 17:00:00+00:00,23.98,0.242198
2021-04-22 18:00:00+00:00,22.88,0.231088
2021-04-22 19:00:00+00:00,23.14,0.233714
2021-04-22 20:00:00+00:00,23.03,0.232603
2021-04-22 21:00:00+00:00,22.58,0.228058
2021-04-22 22:00:00+00:00,22.48,0.227048
2021-04-22 23:00:00+00:00,22.07,0.222907
2021-04-23 00:00:00+00:00,21.95,0.221695
2021-04-23 01:00:00+00:00,22.04,0.222604
2021-04-23 02:00:00+00:00,22.31,0.225331
2021-04-23 03:00:00+00:00,22.72,0.229472
2021-04-23 04:00:00+00:00,22.97,0.231997
2021-04-23 05:00:00+00:00,24.84,0.250884
2021-04-23 06:00:00+00:00,27.29,0.275629
2021-04-23 07:00:00+00:00,28.62,0.289062
2021-04-23 08:00:00+00:00,29.39,0.296839
2021-04-23 09:00:00+00:00,29.04,0.293304
2021-04-23 10:00:00+00:00,27.98,0.282598
2021-04-23 11:00:00+00:00,27.61,0.278861
2021-04-23 12:00:00+00:00,27.12,0.273912
2021-04-23 13:00:00+00:00,25.82,0.260782
2021-04-23 14:00:00+00:00,23.37,0.236037
2021-04-23 15:00:00+00:00,22.51,0.227351
2021-04-23 16:00:00+00:00,22.41,0.226341
2021-04-23 17:00:00+00:00,22.79,0.230179
2021-04-23 18:00:00+00:00,22.5,0.22725
2021-04-23 19:00:00+00:00,23.14,0.233714
2021-04-23 20:00:00+00:00,23.21,0.234421
2021-04-23 21:00:00+00:00,23.46,0.236946
2021-04-23 22:00:00+00:00,23.26,0.234926
2021-04-23 23:00:00+00:00,22.93,0.231593
2021-04-24 00:00:00+00:00,23.83,0.240683
2021-04-24 01:00:00+00:00,23.44,0.236744
2021-04-24 02:00:00+00:00,23.31,0.235431
2021-04-24 03:00:00+00:00,23.24,0.234724
2021-04-24 04:00:00+00:00,23.06,0.232906
2021-04-24 05:00:00+00:00,23.31,0.235431
2021-04-24 06:00:00+00:00,23.8,0.24038
2021-04-24 07:00:00+00:00,24.31,0.245531
2021-04-24 08:00:00+00:00,25.07,0.253207
2021-04-24 09:00:00+00:00,25.49,0.257449
2021-04-24 10:00:00+00:00,25.53,0.257853
2021-04-24 11:00:00+00:00,25.08,0.253308
2021-04-24 12:00:00+00:00,24.89,0.251389
2021-04-24 13:00:00+00:00,23.15,0.233815
2021-04-24 14:00:00+00:00,22.85,0.230785
2021-04-24 15:00:00+00:00,22.18,0.224018
2021-04-24 16:00:00+00:00,22.58,0.228058
2021-04-24 17:00:00+00:00,22.73,0.229573
2021-04-24 18:00:00+00:00,24.05,0.242905
2021-04-24 19:00:00+00:00,24.41,0.246541
2021-04-24 20:00:00+00:00,25,0.2525
2021-04-24 21:00:00+00:00,25.04,0.252904
2021-04-24 22:00:00+00:00,25.07,0.253207
2021-04-24 23:00:00+00:00,25.06,0.253106
2021-04-25 00:00:00+00:00,26.67,0.269367
2021-04-25 01:00:00+00:00,26.72,0.269872
2021-04-25 02:00:00+00:00,27.01,0.272801
2021-04-25 03:00:00+00:00,27.11,0.273811
2021-04-25 04:00:00+00:00,27.23,0.275023
2021-04-25 05:00:00+00:00,27.18,0.274518
2021-04-25 06:00:00+00:00,27.22,0.274922
2021-04-25 07:00:00+00:00,27.35,0.276235
2021-04-25 08:00:00+00:00,27.41,0.276841
2021-04-25 09:00:00+00:00,27.45,0.277245
2021-04-25 10:00:00+00:00,27.37,0.276437
2021-04-25 11:00:00+00:00,27.07,0.273407
2021-04-25 12:00:00+00:00,26.45,0.267145
2021-04-25 13:00:00+00:00,26.41,0.266741
2021-04-25 14:00:00+00:00,26.41,0.266741
2021-04-25 15:00:00+00:00,26.41,0.266741
2021-04-25 16:00:00+00:00,26.43,0.266943
2021-04-25 17:00:00+00:00,26.45,0.267145
2021-04-25 18:00:00+00:00,26.98,0.272498
2021-04-25 19:00:00+00:00,27.34,0.276134
2021-04-25 20:00:00+00:00,27.51,0.277851
2021-04-25 21:00:00+00:00,27.91,0.281891
2021-04-25 22:00:00+00:00,27.98,0.282598
2021-04-25 23:00:00+00:00,27.82,0.280982
2021-04-26 00:00:00+00:00,38.05,0.384305
2021-04-26 01:00:00+00:00,37.09,0.374609
2021-04-26 02:00:00+00:00,38.2,0.38582
2021-04-26 03:00:00+00:00,39.34,0.397334
2021-04-26 04:00:00+00:00,47.01,0.474801
2021-04-26 05:00:00+00:00,49.51,0.500051
2021-04-26 06:00:00+00:00,53.95,0.544895
2021-04-26 07:00:00+00:00,79.33,0.801233
2021-04-26 08:00:00+00:00,81.33,0.821433
2021-04-26 09:00:00+00:00,71.93,0.726493
2021-04-26 10:00:00+00:00,51.98,0.524998
2021-04-26 11:00:00+00:00,51.07,0.515807
2021-04-26 12:00:00+00:00,50.12,0.506212
2021-04-26 13:00:00+00:00,48.99,0.494799
2021-04-26 14:00:00+00:00,48.34,0.488234
2021-04-26 15:00:00+00:00,49.14,0.496314
2021-04-26 16:00:00+00:00,49.51,0.500051
2021-04-26 17:00:00+00:00,52.49,0.530149
2021-04-26 18:00:00+00:00,61.52,0.621352
2021-04-26 19:00:00+00:00,76.59,0.773559
2021-04-26 20:00:00+00:00,78.43,0.792143
2021-04-26 21:00:00+00:00,67.79,0.684679
2021-04-26 22:00:00+00:00,59.86,0.604586
2021-04-26 23:00:00+00:00,45.65,0.461065
2021-04-27 00:00:00+00:00,50.91,0.514191
2021-04-27 01:00:00+00:00,47.73,0.482073
2021-04-27 02:00:00+00:00,47.67,0.481467
2021-04-27 03:00:00+00:00,47.17,0.476417
2021-04-27 04:00:00+00:00,48.91,0.493991
2021-04-27 05:00:00+00:00,51.5,0.52015
2021-04-27 06:00:00+00:00,59,0.5959
2021-04-27 07:00:00+00:00,80.37,0.811737
2021-04-27 08:00:00+00:00,81.61,0.824261
2021-04-27 09:00:00+00:00,61.75,0.623675
2021-04-27 10:00:00+00:00,50.93,0.514393
2021-04-27 11:00:00+00:00,49.98,0.504798
2021-04-27 12:00:00+00:00,48.4,0.48884
2021-04-27 13:00:00+00:00,46.41,0.468741
2021-04-27 14:00:00+00:00,45.79,0.462479
2021-04-27 15:00:00+00:00,47.22,0.476922
2021-04-27 16:00:00+00:00,49.06,0.495506
2021-04-27 17:00:00+00:00,51.95,0.524695
2021-04-27 18:00:00+00:00,58.85,0.594385
2021-04-27 19:00:00+00:00,58.33,0.589133
2021-04-27 20:00:00+00:00,56.25,0.568125
2021-04-27 21:00:00+00:00,57.72,0.582972
2021-04-27 22:00:00+00:00,52.19,0.527119
2021-04-27 23:00:00+00:00,48.11,0.485911
2021-04-28 00:00:00+00:00,47.06,0.475306
2021-04-28 01:00:00+00:00,46.39,0.468539
2021-04-28 02:00:00+00:00,46.98,0.474498
2021-04-28 03:00:00+00:00,47.83,0.483083
2021-04-28 04:00:00+00:00,48.89,0.493789
2021-04-28 05:00:00+00:00,52.15,0.526715
2021-04-28 06:00:00+00:00,69.41,0.701041
2021-04-28 07:00:00+00:00,81.48,0.822948
2021-04-28 08:00:00+00:00,85.57,0.864257
2021-04-28 09:00:00+00:00,69.99,0.706899
2021-04-28 10:00:00+00:00,54.47,0.550147
2021-04-28 11:00:00+00:00,51.49,0.520049
2021-04-28 12:00:00+00:00,49.55,0.500455
2021-04-28 13:00:00+00:00,49.45,0.499445
2021-04-28 14:00:00+00:00,50.84,0.513484
2021-04-28 15:00:00+00:00,54.3,0.54843
2021-04-28 16:00:00+00:00,55.96,0.565196
2021-04-28 17:00:00+00:00,63.61,0.642461
2021-04-28 18:00:00+00:00,65.2,0.65852
2021-04-28 19:00:00+00:00,73.68,0.744168
2021-04-28 20:00:00+00:00,63.31,0.639431
2021-04-28 21:00:00+00:00,60.66,0.612666
2021-04-28 22:00:00+00:00,54.97,0.555197
2021-04-28 23:00:00+00:00,48.99,0.494799
2021-04-29 00:00:00+00:00,48.29,0.487729
2021-04-29 01:00:00+00:00,47.66,0.481366
2021-04-29 02:00:00+00:00,46.79,0.472579
2021-04-29 03:00:00+00:00,47.65,0.481265
2021-04-29 04:00:00+00:00,48.44,0.489244
2021-04-29 05:00:00+00:00,49.23,0.497223
2021-04-29 06:00:00+00:00,56,0.5656
2021-04-29 07:00:00+00:00,77.99,0.787699
2021-04-29 08:00:00+00:00,83.04,0.838704
2021-04-29 09:00:00+00:00,70.01,0.707101
2021-04-29 10:00:00+00:00,61.64,0.622564
2021-04-29 11:00:00+00:00,57.1,0.57671
2021-04-29 12:00:00+00:00,53.85,0.543885
2021-04-29 13:00:00+00:00,48.88,0.493688
2021-04-29 14:00:00+00:00,46.7,0.47167
2021-04-29 15:00:00+00:00,45.41,0.458641
2021-04-29 16:00:00+00:00,46.74,0.472074
2021-04-29 17:00:00+00:00,48.27,0.487527
2021-04-29 18:00:00+00:00,50.7,0.51207
2021-04-29 19:00:00+00:00,50.85,0.513585
2021-04-29 20:00:00+00:00,49.37,0.498637
2021-04-29 21:00:00+00:00,49.33,0.498233
2021-04-29 22:00:00+00:00,46.58,0.470458
2021-04-29 23:00:00+00:00,37.22,0.375922
2021-04-30 00:00:00+00:00,35.16,0.355116
2021-04-30 01:00:00+00:00,35.03,0.353803
2021-04-30 02:00:00+00:00,34.6,0.34946
2021-04-30 03:00:00+00:00,35.11,0.354611
2021-04-30 04:00:00+00:00,36.08,0.364408
2021-04-30 05:00:00+00:00,41.86,0.422786
2021-04-30 06:00:00+00:00,44.84,0.452884
2021-04-30 07:00:00+00:00,45.49,0.459449
2021-04-30 08:00:00+00:00,45.53,0.459853
2021-04-30 09:00:00+00:00,45.47,0.459247
2021-04-30 10:00:00+00:00,45.59,0.460459
2021-04-30 11:00:00+00:00,45.34,0.457934
2021-04-30 12:00:00+00:00,45.23,0.456823
2021-04-30 13:00:00+00:00,45.15,0.456015
2021-04-30 14:00:00+00:00,44.85,0.452985
2021-04-30 15:00:00+00:00,44.5,0.44945
2021-04-30 16:00:00+00:00,44.18,0.446218
2021-04-30 17:00:00+00:00,44.27,0.447127
2021-04-30 18:00:00+00:00,44.55,0.449955
2021-04-30 19:00:00+00:00,45.03,0.454803
2021-04-30 20:00:00+00:00,45.32,0.457732
2021-04-30 21:00:00+00:00,44.81,0.452581
2021-04-30 22:00:00+00:00,44.11,0.445511
2021-04-30 23:00:00+00:00,37.34,0.377134
2021-05-01 00:00:00+00:00,43.79,0.442279
2021-05-01 01:00:00+00:00,43.24,0.436724
2021-05-01 02:00:00+00:00,42.45,0.428745
2021-05-01 03:00:00+00:00,42.73,0.431573
2021-05-01 04:00:00+00:00,42.78,0.432078
2021-05-01 05:00:00+00:00,43.46,0.438946
2021-05-01 06:00:00+00:00,44.19,0.446319
2021-05-01 07:00:00+00:00,45.4,0.45854
2021-05-01 08:00:00+00:00,46.91,0.473791
2021-05-01 09:00:00+00:00,49.22,0.497122
2021-05-01 10:00:00+00:00,48.88,0.493688
2021-05-01 11:00:00+00:00,47.32,0.477932
2021-05-01 12:00:00+00:00,45.73,0.461873
2021-05-01 13:00:00+00:00,45.74,0.461974
2021-05-01 14:00:00+00:00,45.44,0.458944
2021-05-01 15:00:00+00:00,44.44,0.448844
2021-05-01 16:00:00+00:00,45.97,0.464297
2021-05-01 17:00:00+00:00,48.85,0.493385
2021-05-01 18:00:00+00:00,51.1,0.51611
2021-05-01 19:00:00+00:00,51.6,0.52116
2021-05-01 20:00:00+00:00,51.03,0.515403
2021-05-01 21:00:00+00:00,51.88,0.523988
2021-05-01 22:00:00+00:00,49.15,0.496415
2021-05-01 23:00:00+00:00,45.31,0.457631
2021-05-02 00:00:00+00:00,46.3,0.46763
2021-05-02 01:00:00+00:00,45.2,0.45652
2021-05-02 02:00:00+00:00,45.02,0.454702
2021-05-02 03:00:00+00:00,46.39,0.468539
2021-05-02 04:00:00+00:00,46.9,0.47369
2021-05-02 05:00:00+00:00,47.77,0.482477
2021-05-02 06:00:00+00:00,47.05,0.475205
2021-05-02 07:00:00+00:00,47.96,0.484396
2021-05-02 08:00:00+00:00,49.29,0.497829
2021-05-02 09:00:00+00:00,47.95,0.484295
2021-05-02 10:00:00+00:00,46.31,0.467731
2021-05-02 11:00:00+00:00,46.13,0.465913
2021-05-02 12:00:00+00:00,43.91,0.443491
2021-05-02 13:00:00+00:00,35.2,0.35552
2021-05-02 14:00:00+00:00,33.07,0.334007
2021-05-02 15:00:00+00:00,33.46,0.337946
2021-05-02 16:00:00+00:00,36.06,0.364206
2021-05-02 17:00:00+00:00,41.99,0.424099
2021-05-02 18:00:00+00:00,46.52,0.469852
2021-05-02 19:00:00+00:00,50.6,0.51106
2021-05-02 20:00:00+00:00,51.57,0.520857
2021-05-02 21:00:00+00:00,53.99,0.545299
2021-05-02 22:00:00+00:00,55.48,0.560348
2021-05-02 23:00:00+00:00,51.36,0.518736
2021-05-03 00:00:00+00:00,52.63,0.531563
2021-05-03 01:00:00+00:00,50.99,0.514999
2021-05-03 02:00:00+00:00,49.95,0.504495
2021-05-03 03:00:00+00:00,50.16,0.506616
2021-05-03 04:00:00+00:00,50.1,0.50601
2021-05-03 05:00:00+00:00,54.87,0.554187
2021-05-03 06:00:00+00:00,67.74,0.684174
2021-05-03 07:00:00+00:00,84.35,0.851935
2021-05-03 08:00:00+00:00,87.93,0.888093
2021-05-03 09:00:00+00:00,67.32,0.679932
2021-05-03 10:00:00+00:00,60.98,0.615898
2021-05-03 11:00:00+00:00,57.12,0.576912
2021-05-03 12:00:00+00:00,52.99,0.535199
2021-05-03 13:00:00+00:00,49.97,0.504697
2021-05-03 14:00:00+00:00,50.83,0.513383
2021-05-03 15:00:00+00:00,50.09,0.505909
2021-05-03 16:00:00+00:00,49.88,0.503788
2021-05-03 17:00:00+00:00,54.84,0.553884
2021-05-03 18:00:00+00:00,62.43,0.630543
2021-05-03 19:00:00+00:00,79.68,0.804768
2021-05-03 20:00:00+00:00,79.71,0.805071
2021-05-03 21:00:00+00:00,67.96,0.686396
2021-05-03 22:00:00+00:00,60.89,0.614989
2021-05-03 23:00:00+00:00,50.38,0.508838
2021-05-04 00:00:00+00:00,46.35,0.468135
2021-05-04 01:00:00+00:00,38.92,0.393092
2021-05-04 02:00:00+00:00,35.02,0.353702
2021-05-04 03:00:00+00:00,34.99,0.353399
2021-05-04 04:00:00+00:00,32.95,0.332795
2021-05-04 05:00:00+00:00,38.06,0.384406
2021-05-04 06:00:00+00:00,44.71,0.451571
2021-05-04 07:00:00+00:00,50.32,0.508232
2021-05-04 08:00:00+00:00,50.59,0.510959
2021-05-04 09:00:00+00:00,47.99,0.484699
2021-05-04 10:00:00+00:00,46.29,0.467529
2021-05-04 11:00:00+00:00,44.6,0.45046
2021-05-04 12:00:00+00:00,43.23,0.436623
2021-05-04 13:00:00+00:00,35.15,0.355015
2021-05-04 14:00:00+00:00,30.28,0.305828
2021-05-04 15:00:00+00:00,28.34,0.286234
2021-05-04 16:00:00+00:00,28.09,0.283709
2021-05-04 17:00:00+00:00,34.44,0.347844
2021-05-04 18:00:00+00:00,45.01,0.454601
2021-05-04 19:00:00+00:00,47.2,0.47672
2021-05-04 20:00:00+00:00,48.69,0.491769
2021-05-04 21:00:00+00:00,45.28,0.457328
2021-05-04 22:00:00+00:00,38.4,0.38784
2021-05-04 23:00:00+00:00,28.16,0.284416
2021-05-05 00:00:00+00:00,24.2,0.24442
2021-05-05 01:00:00+00:00,22.37,0.225937
2021-05-05 02:00:00+00:00,22.05,0.222705
2021-05-05 03:00:00+00:00,24.69,0.249369
2021-05-05 04:00:00+00:00,28.76,0.290476
2021-05-05 05:00:00+00:00,32.06,0.323806
2021-05-05 06:00:00+00:00,50.21,0.507121
2021-05-05 07:00:00+00:00,61.05,0.616605
2021-05-05 08:00:00+00:00,63.42,0.640542
2021-05-05 09:00:00+00:00,50.93,0.514393
2021-05-05 10:00:00+00:00,45.89,0.463489
2021-05-05 11:00:00+00:00,39.17,0.395617
2021-05-05 12:00:00+00:00,38.5,0.38885
2021-05-05 13:00:00+00:00,39.53,0.399253
2021-05-05 14:00:00+00:00,38.01,0.383901
2021-05-05 15:00:00+00:00,36.45,0.368145
2021-05-05 16:00:00+00:00,36.38,0.367438
2021-05-05 17:00:00+00:00,43.86,0.442986
2021-05-05 18:00:00+00:00,49.67,0.501667
2021-05-05 19:00:00+00:00,56.74,0.573074
2021-05-05 20:00:00+00:00,57.45,0.580245
2021-05-05 21:00:00+00:00,57.01,0.575801
2021-05-05 22:00:00+00:00,46.29,0.467529
2021-05-05 23:00:00+00:00,38.28,0.386628
2021-05-06 00:00:00+00:00,39.64,0.400364
2021-05-06 01:00:00+00:00,38.98,0.393698
2021-05-06 02:00:00+00:00,36.81,0.371781
2021-05-06 03:00:00+00:00,37.47,0.378447
2021-05-06 04:00:00+00:00,37.24,0.376124
2021-05-06 05:00:00+00:00,45.28,0.457328
2021-05-06 06:00:00+00:00,60.08,0.606808
2021-05-06 07:00:00+00:00,70.7,0.71407
2021-05-06 08:00:00+00:00,66.9,0.67569
2021-05-06 09:00:00+00:00,54.86,0.554086
2021-05-06 10:00:00+00:00,54.93,0.554793
2021-05-06 11:00:00+00:00,55.08,0.556308
2021-05-06 12:00:00+00:00,60.11,0.607111
2021-05-06 13:00:00+00:00,59.01,0.596001
2021-05-06 14:00:00+00:00,58.14,0.587214
2021-05-06 15:00:00+00:00,61.03,0.616403
2021-05-06 16:00:00+00:00,62.88,0.635088
2021-05-06 17:00:00+00:00,70.18,0.708818
2021-05-06 18:00:00+00:00,75.4,0.76154
2021-05-06 19:00:00+00:00,85.26,0.861126
2021-05-06 20:00:00+00:00,79.91,0.807091
2021-05-06 21:00:00+00:00,79.77,0.805677
2021-05-06 22:00:00+00:00,76.91,0.776791
2021-05-06 23:00:00+00:00,62.64,0.632664
2021-05-07 00:00:00+00:00,59.5,0.60095
2021-05-07 01:00:00+00:00,57.83,0.584083
2021-05-07 02:00:00+00:00,56.01,0.565701
2021-05-07 03:00:00+00:00,57.14,0.577114
2021-05-07 04:00:00+00:00,58.03,0.586103
2021-05-07 05:00:00+00:00,66.85,0.675185
2021-05-07 06:00:00+00:00,73.18,0.739118
2021-05-07 07:00:00+00:00,88.43,0.893143
2021-05-07 08:00:00+00:00,98.56,0.995456
2021-05-07 09:00:00+00:00,76.95,0.777195
2021-05-07 10:00:00+00:00,78.75,0.795375
2021-05-07 11:00:00+00:00,76.98,0.777498
2021-05-07 12:00:00+00:00,68.94,0.696294
2021-05-07 13:00:00+00:00,61.75,0.623675
2021-05-07 14:00:00+00:00,53.84,0.543784
2021-05-07 15:00:00+00:00,52.22,0.527422
2021-05-07 16:00:00+00:00,53.06,0.535906
2021-05-07 17:00:00+00:00,55.43,0.559843
2021-05-07 18:00:00+00:00,61.28,0.618928
2021-05-07 19:00:00+00:00,71.13,0.718413
2021-05-07 20:00:00+00:00,59.63,0.602263
2021-05-07 21:00:00+00:00,58.31,0.588931
2021-05-07 22:00:00+00:00,57.99,0.585699
2021-05-07 23:00:00+00:00,53.86,0.543986
2021-05-08 00:00:00+00:00,54.42,0.549642
2021-05-08 01:00:00+00:00,49.69,0.501869
2021-05-08 02:00:00+00:00,48.42,0.489042
2021-05-08 03:00:00+00:00,49.92,0.504192
2021-05-08 04:00:00+00:00,48.91,0.493991
2021-05-08 05:00:00+00:00,52.55,0.530755
2021-05-08 06:00:00+00:00,51.61,0.521261
2021-05-08 07:00:00+00:00,54.27,0.548127
2021-05-08 08:00:00+00:00,55.18,0.557318
2021-05-08 09:00:00+00:00,51.95,0.524695
2021-05-08 10:00:00+00:00,45.95,0.464095
2021-05-08 11:00:00+00:00,41.32,0.417332
2021-05-08 12:00:00+00:00,37,0.3737
2021-05-08 13:00:00+00:00,30.78,0.310878
2021-05-08 14:00:00+00:00,30.07,0.303707
2021-05-08 15:00:00+00:00,30.09,0.303909
2021-05-08 16:00:00+00:00,33.92,0.342592
2021-05-08 17:00:00+00:00,50.06,0.505606
2021-05-08 18:00:00+00:00,53.52,0.540552
2021-05-08 19:00:00+00:00,58.63,0.592163
2021-05-08 20:00:00+00:00,61.53,0.621453
2021-05-08 21:00:00+00:00,58.63,0.592163
2021-05-08 22:00:00+00:00,53.53,0.540653
2021-05-08 23:00:00+00:00,46.83,0.472983
2021-05-09 00:00:00+00:00,37.21,0.375821
2021-05-09 01:00:00+00:00,30.39,0.306939
2021-05-09 02:00:00+00:00,30,0.303
2021-05-09 03:00:00+00:00,29.39,0.296839
2021-05-09 04:00:00+00:00,28.84,0.291284
2021-05-09 05:00:00+00:00,28.42,0.287042
2021-05-09 06:00:00+00:00,27.91,0.281891
2021-05-09 07:00:00+00:00,27.87,0.281487
2021-05-09 08:00:00+00:00,27.85,0.281285
2021-05-09 09:00:00+00:00,28.05,0.283305
2021-05-09 10:00:00+00:00,27.36,0.276336
2021-05-09 11:00:00+00:00,26.38,0.266438
2021-05-09 12:00:00+00:00,24.46,0.247046
2021-05-09 13:00:00+00:00,23.05,0.232805
2021-05-09 14:00:00+00:00,23.05,0.232805
2021-05-09 15:00:00+00:00,23.94,0.241794
2021-05-09 16:00:00+00:00,26.04,0.263004
2021-05-09 17:00:00+00:00,27.31,0.275831
2021-05-09 18:00:00+00:00,37.1,0.37471
2021-05-09 19:00:00+00:00,49.48,0.499748
2021-05-09 20:00:00+00:00,49.38,0.498738
2021-05-09 21:00:00+00:00,48.88,0.493688
2021-05-09 22:00:00+00:00,42.09,0.425109
2021-05-09 23:00:00+00:00,30.34,0.306434
2021-05-10 00:00:00+00:00,25.08,0.253308
2021-05-10 01:00:00+00:00,26.3,0.26563
2021-05-10 02:00:00+00:00,26.42,0.266842
2021-05-10 03:00:00+00:00,27.86,0.281386
2021-05-10 04:00:00+00:00,27.36,0.276336
2021-05-10 05:00:00+00:00,36.11,0.364711
2021-05-10 06:00:00+00:00,51.49,0.520049
2021-05-10 07:00:00+00:00,56.02,0.565802
2021-05-10 08:00:00+00:00,57.78,0.583578
2021-05-10 09:00:00+00:00,54.61,0.551561
2021-05-10 10:00:00+00:00,52.14,0.526614
2021-05-10 11:00:00+00:00,51.47,0.519847
2021-05-10 12:00:00+00:00,50.93,0.514393
2021-05-10 13:00:00+00:00,48.09,0.485709
2021-05-10 14:00:00+00:00,48.74,0.492274
2021-05-10 15:00:00+00:00,51.54,0.520554
2021-05-10 16:00:00+00:00,51.91,0.524291
2021-05-10 17:00:00+00:00,52.69,0.532169
2021-05-10 18:00:00+00:00,53.18,0.537118
2021-05-10 19:00:00+00:00,52.09,0.526109
2021-05-10 20:00:00+00:00,42.86,0.432886
2021-05-10 21:00:00+00:00,36.44,0.368044
2021-05-10 22:00:00+00:00,28.9,0.29189
2021-05-10 23:00:00+00:00,25.01,0.252601
2021-05-11 00:00:00+00:00,20.43,0.206343
2021-05-11 01:00:00+00:00,19.56,0.197556
2021-05-11 02:00:00+00:00,18.94,0.191294
2021-05-11 03:00:00+00:00,18.77,0.189577
2021-05-11 04:00:00+00:00,19.08,0.192708
2021-05-11 05:00:00+00:00,22.21,0.224321
2021-05-11 06:00:00+00:00,39.91,0.403091
2021-05-11 07:00:00+00:00,49.35,0.498435
2021-05-11 08:00:00+00:00,49.6,0.50096
2021-05-11 09:00:00+00:00,52.91,0.534391
2021-05-11 10:00:00+00:00,54.91,0.554591
2021-05-11 11:00:00+00:00,52.73,0.532573
2021-05-11 12:00:00+00:00,55.59,0.561459
2021-05-11 13:00:00+00:00,55.04,0.555904
2021-05-11 14:00:00+00:00,52.65,0.531765
2021-05-11 15:00:00+00:00,47.55,0.480255
2021-05-11 16:00:00+00:00,44.6,0.45046
2021-05-11 17:00:00+00:00,50.01,0.505101
2021-05-11 18:00:00+00:00,55.2,0.55752
2021-05-11 19:00:00+00:00,55.06,0.556106
2021-05-11 20:00:00+00:00,41.11,0.415211
2021-05-11 21:00:00+00:00,34.67,0.350167
2021-05-11 22:00:00+00:00,28.43,0.287143
2021-05-11 23:00:00+00:00,23.65,0.238865
2021-05-12 00:00:00+00:00,22.34,0.225634
2021-05-12 01:00:00+00:00,22,0.2222
2021-05-12 02:00:00+00:00,21.8,0.22018
2021-05-12 03:00:00+00:00,21.76,0.219776
2021-05-12 04:00:00+00:00,22.38,0.226038
2021-05-12 05:00:00+00:00,28.47,0.287547
2021-05-12 06:00:00+00:00,52.06,0.525806
2021-05-12 07:00:00+00:00,54.8,0.55348
2021-05-12 08:00:00+00:00,55.96,0.565196
2021-05-12 09:00:00+00:00,55.69,0.562469
2021-05-12 10:00:00+00:00,55.04,0.555904
2021-05-12 11:00:00+00:00,55.21,0.557621
2021-05-12 12:00:00+00:00,54.86,0.554086
2021-05-12 13:00:00+00:00,52.03,0.525503
2021-05-12 14:00:00+00:00,44.07,0.445107
2021-05-12 15:00:00+00:00,39.2,0.39592
2021-05-12 16:00:00+00:00,36.71,0.370771
2021-05-12 17:00:00+00:00,40.98,0.413898
2021-05-12 18:00:00+00:00,38.99,0.393799
2021-05-12 19:00:00+00:00,38.72,0.391072
2021-05-12 20:00:00+00:00,39.2,0.39592
2021-05-12 21:00:00+00:00,35.1,0.35451
2021-05-12 22:00:00+00:00,26.37,0.266337
2021-05-12 23:00:00+00:00,22.95,0.231795
2021-05-13 00:00:00+00:00,21.43,0.216443
2021-05-13 01:00:00+00:00,20.42,0.206242
2021-05-13 02:00:00+00:00,20.18,0.203818
2021-05-13 03:00:00+00:00,20.5,0.20705
2021-05-13 04:00:00+00:00,20.54,0.207454
2021-05-13 05:00:00+00:00,21.76,0.219776
2021-05-13 06:00:00+00:00,31.02,0.313302
2021-05-13 07:00:00+00:00,35.08,0.354308
2021-05-13 08:00:00+00:00,35.89,0.362489
2021-05-13 09:00:00+00:00,37.22,0.375922
2021-05-13 10:00:00+00:00,38.34,0.387234
2021-05-13 11:00:00+00:00,37.92,0.382992
2021-05-13 12:00:00+00:00,36.1,0.36461
2021-05-13 13:00:00+00:00,35.07,0.354207
2021-05-13 14:00:00+00:00,31.44,0.317544
2021-05-13 15:00:00+00:00,30.09,0.303909
2021-05-13 16:00:00+00:00,30.74,0.310474
2021-05-13 17:00:00+00:00,35.04,0.353904
2021-05-13 18:00:00+00:00,35.07,0.354207
2021-05-13 19:00:00+00:00,34.97,0.353197
2021-05-13 20:00:00+00:00,31.94,0.322594
2021-05-13 21:00:00+00:00,30.85,0.311585
2021-05-13 22:00:00+00:00,24.05,0.242905
2021-05-13 23:00:00+00:00,21.37,0.215837
2021-05-14 00:00:00+00:00,21.63,0.218463
2021-05-14 01:00:00+00:00,21.96,0.221796
2021-05-14 02:00:00+00:00,21.49,0.217049
2021-05-14 03:00:00+00:00,21.33,0.215433
2021-05-14 04:00:00+00:00,21.36,0.215736
2021-05-14 05:00:00+00:00,23.44,0.236744
2021-05-14 06:00:00+00:00,30.05,0.303505
2021-05-14 07:00:00+00:00,32.85,0.331785
2021-05-14 08:00:00+00:00,33.45,0.337845
2021-05-14 09:00:00+00:00,33.61,0.339461
2021-05-14 10:00:00+00:00,33.63,0.339663
2021-05-14 11:00:00+00:00,33.49,0.338249
2021-05-14 12:00:00+00:00,33.46,0.337946
2021-05-14 13:00:00+00:00,33.24,0.335724
2021-05-14 14:00:00+00:00,32.78,0.331078
2021-05-14 15:00:00+00:00,31.55,0.318655
2021-05-14 16:00:00+00:00,30.68,0.309868
2021-05-14 17:00:00+00:00,31.75,0.320675
2021-05-14 18:00:00+00:00,31.83,0.321483
2021-05-14 19:00:00+00:00,30.95,0.312595
2021-05-14 20:00:00+00:00,29.74,0.300374
2021-05-14 21:00:00+00:00,27.01,0.272801
2021-05-14 22:00:00+00:00,22.99,0.232199
2021-05-14 23:00:00+00:00,21.06,0.212706
2021-05-15 00:00:00+00:00,21.52,0.217352
2021-05-15 01:00:00+00:00,20.09,0.202909
2021-05-15 02:00:00+00:00,14,0.1414
2021-05-15 03:00:00+00:00,11.98,0.120998
2021-05-15 04:00:00+00:00,10,0.101
2021-05-15 05:00:00+00:00,10.05,0.101505
2021-05-15 06:00:00+00:00,13.82,0.139582
2021-05-15 07:00:00+00:00,20.69,0.208969
2021-05-15 08:00:00+00:00,22.12,0.223412
2021-05-15 09:00:00+00:00,24.03,0.242703
2021-05-15 10:00:00+00:00,24.71,0.249571
2021-05-15 11:00:00+00:00,24.6,0.24846
2021-05-15 12:00:00+00:00,24.44,0.246844
2021-05-15 13:00:00+00:00,24.04,0.242804
2021-05-15 14:00:00+00:00,23.36,0.235936
2021-05-15 15:00:00+00:00,23.43,0.236643
2021-05-15 16:00:00+00:00,24.69,0.249369
2021-05-15 17:00:00+00:00,27.49,0.277649
2021-05-15 18:00:00+00:00,28.15,0.284315
2021-05-15 19:00:00+00:00,27.51,0.277851
2021-05-15 20:00:00+00:00,26.31,0.265731
2021-05-15 21:00:00+00:00,26.15,0.264115
2021-05-15 22:00:00+00:00,23.71,0.239471
2021-05-15 23:00:00+00:00,21.77,0.219877
2021-05-16 00:00:00+00:00,20.77,0.209777
2021-05-16 01:00:00+00:00,20.61,0.208161
2021-05-16 02:00:00+00:00,21.83,0.220483
2021-05-16 03:00:00+00:00,21.96,0.221796
2021-05-16 04:00:00+00:00,21.89,0.221089
2021-05-16 05:00:00+00:00,22.01,0.222301
2021-05-16 06:00:00+00:00,20.91,0.211191
2021-05-16 07:00:00+00:00,21.98,0.221998
2021-05-16 08:00:00+00:00,23.57,0.238057
2021-05-16 09:00:00+00:00,27,0.2727
2021-05-16 10:00:00+00:00,24.22,0.244622
2021-05-16 11:00:00+00:00,28.5,0.28785
2021-05-16 12:00:00+00:00,23.59,0.238259
2021-05-16 13:00:00+00:00,15.34,0.154934
2021-05-16 14:00:00+00:00,13.48,0.136148
2021-05-16 15:00:00+00:00,20.42,0.206242
2021-05-16 16:00:00+00:00,22.93,0.231593
2021-05-16 17:00:00+00:00,33.94,0.342794
2021-05-16 18:00:00+00:00,34.66,0.350066
2021-05-16 19:00:00+00:00,37.03,0.374003
2021-05-16 20:00:00+00:00,37.16,0.375316
2021-05-16 21:00:00+00:00,35.63,0.359863
2021-05-16 22:00:00+00:00,33.53,0.338653
2021-05-16 23:00:00+00:00,33.01,0.333401
2021-05-17 00:00:00+00:00,23.56,0.237956
2021-05-17 01:00:00+00:00,23.45,0.236845
2021-05-17 02:00:00+00:00,23.67,0.239067
2021-05-17 03:00:00+00:00,24.27,0.245127
2021-05-17 04:00:00+00:00,25.36,0.256136
2021-05-17 05:00:00+00:00,35.55,0.359055
2021-05-17 06:00:00+00:00,37.08,0.374508
2021-05-17 07:00:00+00:00,45.99,0.464499
2021-05-17 08:00:00+00:00,49.85,0.503485
2021-05-17 09:00:00+00:00,50.2,0.50702
2021-05-17 10:00:00+00:00,48.84,0.493284
2021-05-17 11:00:00+00:00,45.98,0.464398
2021-05-17 12:00:00+00:00,40.95,0.413595
2021-05-17 13:00:00+00:00,38.81,0.391981
2021-05-17 14:00:00+00:00,37.94,0.383194
2021-05-17 15:00:00+00:00,36.67,0.370367
2021-05-17 16:00:00+00:00,35.49,0.358449
2021-05-17 17:00:00+00:00,35.86,0.362186
2021-05-17 18:00:00+00:00,38.01,0.383901
2021-05-17 19:00:00+00:00,39.94,0.403394
2021-05-17 20:00:00+00:00,40.53,0.409353
2021-05-17 21:00:00+00:00,33.9,0.34239
2021-05-17 22:00:00+00:00,31.96,0.322796
2021-05-17 23:00:00+00:00,26.81,0.270781
2021-05-18 00:00:00+00:00,23.09,0.233209
2021-05-18 01:00:00+00:00,22.45,0.226745
2021-05-18 02:00:00+00:00,22.31,0.225331
2021-05-18 03:00:00+00:00,22.62,0.228462
2021-05-18 04:00:00+00:00,22.93,0.231593
2021-05-18 05:00:00+00:00,28.4,0.28684
2021-05-18 06:00:00+00:00,29.92,0.302192
2021-05-18 07:00:00+00:00,33.88,0.342188
2021-05-18 08:00:00+00:00,37,0.3737
2021-05-18 09:00:00+00:00,35.02,0.353702
2021-05-18 10:00:00+00:00,34.22,0.345622
2021-05-18 11:00:00+00:00,34.23,0.345723
2021-05-18 12:00:00+00:00,34.29,0.346329
2021-05-18 13:00:00+00:00,37.03,0.374003
2021-05-18 14:00:00+00:00,37.95,0.383295
2021-05-18 15:00:00+00:00,38.97,0.393597
2021-05-18 16:00:00+00:00,38.8,0.39188
2021-05-18 17:00:00+00:00,40.37,0.407737
2021-05-18 18:00:00+00:00,41.24,0.416524
2021-05-18 19:00:00+00:00,45.96,0.464196
2021-05-18 20:00:00+00:00,41,0.4141
2021-05-18 21:00:00+00:00,39.96,0.403596
2021-05-18 22:00:00+00:00,36.74,0.371074
2021-05-18 23:00:00+00:00,33.31,0.336431
2021-05-19 00:00:00+00:00,32.91,0.332391
2021-05-19 01:00:00+00:00,31.98,0.322998
2021-05-19 02:00:00+00:00,31.8,0.32118
2021-05-19 03:00:00+00:00,31.43,0.317443
2021-05-19 04:00:00+00:00,31.96,0.322796
2021-05-19 05:00:00+00:00,32.22,0.325422
2021-05-19 06:00:00+00:00,34.39,0.347339
2021-05-19 07:00:00+00:00,78.99,0.797799
2021-05-19 08:00:00+00:00,88.18,0.890618
2021-05-19 09:00:00+00:00,87.18,0.880518
2021-05-19 10:00:00+00:00,82.62,0.834462
2021-05-19 11:00:00+00:00,81.96,0.827796
2021-05-19 12:00:00+00:00,75.9,0.76659
2021-05-19 13:00:00+00:00,70.08,0.707808
2021-05-19 14:00:00+00:00,55.8,0.56358
2021-05-19 15:00:00+00:00,54.62,0.551662
2021-05-19 16:00:00+00:00,54.41,0.549541
2021-05-19 17:00:00+00:00,43.92,0.443592
2021-05-19 18:00:00+00:00,43.79,0.442279
2021-05-19 19:00:00+00:00,44.95,0.453995
2021-05-19 20:00:00+00:00,45.45,0.459045
2021-05-19 21:00:00+00:00,44.34,0.447834
2021-05-19 22:00:00+00:00,35.89,0.362489
2021-05-19 23:00:00+00:00,24.3,0.24543
2021-05-20 00:00:00+00:00,19.06,0.192506
2021-05-20 01:00:00+00:00,15.91,0.160691
2021-05-20 02:00:00+00:00,15.8,0.15958
2021-05-20 03:00:00+00:00,15.83,0.159883
2021-05-20 04:00:00+00:00,15.77,0.159277
2021-05-20 05:00:00+00:00,21.66,0.218766
2021-05-20 06:00:00+00:00,25.84,0.260984
2021-05-20 07:00:00+00:00,29.78,0.300778
2021-05-20 08:00:00+00:00,34.68,0.350268
2021-05-20 09:00:00+00:00,34.69,0.350369
2021-05-20 10:00:00+00:00,34.87,0.352187
2021-05-20 11:00:00+00:00,34.64,0.349864
2021-05-20 12:00:00+00:00,30,0.303
2021-05-20 13:00:00+00:00,29.65,0.299465
2021-05-20 14:00:00+00:00,29.06,0.293506
2021-05-20 15:00:00+00:00,28.6,0.28886
2021-05-20 16:00:00+00:00,28.15,0.284315
2021-05-20 17:00:00+00:00,42.86,0.432886
2021-05-20 18:00:00+00:00,43.62,0.440562
2021-05-20 19:00:00+00:00,43.98,0.444198
2021-05-20 20:00:00+00:00,47.82,0.482982
2021-05-20 21:00:00+00:00,47.97,0.484497
2021-05-20 22:00:00+00:00,39.6,0.39996
2021-05-20 23:00:00+00:00,24.71,0.249571
2021-05-21 00:00:00+00:00,20.51,0.207151
2021-05-21 01:00:00+00:00,20.15,0.203515
2021-05-21 02:00:00+00:00,16.95,0.171195
2021-05-21 03:00:00+00:00,9.74,0.098374
2021-05-21 04:00:00+00:00,9.88,0.099788
2021-05-21 05:00:00+00:00,20.49,0.206949
2021-05-21 06:00:00+00:00,35.17,0.355217
2021-05-21 07:00:00+00:00,40.35,0.407535
2021-05-21 08:00:00+00:00,41.17,0.415817
2021-05-21 09:00:00+00:00,41.05,0.414605
2021-05-21 10:00:00+00:00,38.94,0.393294
2021-05-21 11:00:00+00:00,25.34,0.255934
2021-05-21 12:00:00+00:00,22.1,0.22321
2021-05-21 13:00:00+00:00,20.31,0.205131
2021-05-21 14:00:00+00:00,17.42,0.175942
2021-05-21 15:00:00+00:00,16.82,0.169882
2021-05-21 16:00:00+00:00,14.28,0.144228
2021-05-21 17:00:00+00:00,21.12,0.213312
2021-05-21 18:00:00+00:00,34.07,0.344107
2021-05-21 19:00:00+00:00,33.69,0.340269
2021-05-21 20:00:00+00:00,26.41,0.266741
2021-05-21 21:00:00+00:00,26.02,0.262802
2021-05-21 22:00:00+00:00,23.32,0.235532
2021-05-21 23:00:00+00:00,20.7,0.20907
2021-05-22 00:00:00+00:00,20.04,0.202404
2021-05-22 01:00:00+00:00,16.78,0.169478
2021-05-22 02:00:00+00:00,15.83,0.159883
2021-05-22 03:00:00+00:00,15.27,0.154227
2021-05-22 04:00:00+00:00,14.08,0.142208
2021-05-22 05:00:00+00:00,14.01,0.141501
2021-05-22 06:00:00+00:00,16.13,0.162913
2021-05-22 07:00:00+00:00,17.12,0.172912
2021-05-22 08:00:00+00:00,18.21,0.183921
2021-05-22 09:00:00+00:00,18.6,0.18786
2021-05-22 10:00:00+00:00,20.05,0.202505
2021-05-22 11:00:00+00:00,21.08,0.212908
2021-05-22 12:00:00+00:00,19.72,0.199172
2021-05-22 13:00:00+00:00,17.83,0.180083
2021-05-22 14:00:00+00:00,17.15,0.173215
2021-05-22 15:00:00+00:00,16.6,0.16766
2021-05-22 16:00:00+00:00,17.19,0.173619
2021-05-22 17:00:00+00:00,22.36,0.225836
2021-05-22 18:00:00+00:00,19.09,0.192809
2021-05-22 19:00:00+00:00,28.95,0.292395
2021-05-22 20:00:00+00:00,28.39,0.286739
2021-05-22 21:00:00+00:00,25.25,0.255025
2021-05-22 22:00:00+00:00,23.15,0.233815
2021-05-22 23:00:00+00:00,21.93,0.221493
2021-05-23 00:00:00+00:00,23.24,0.234724
2021-05-23 01:00:00+00:00,15.47,0.156247
2021-05-23 02:00:00+00:00,16.82,0.169882
2021-05-23 03:00:00+00:00,7.35,0.074235
2021-05-23 04:00:00+00:00,10.31,0.104131
2021-05-23 05:00:00+00:00,5.08,0.051308
2021-05-23 06:00:00+00:00,5.03,0.050803
2021-05-23 07:00:00+00:00,14.96,0.151096
2021-05-23 08:00:00+00:00,13.57,0.137057
2021-05-23 09:00:00+00:00,14.19,0.143319
2021-05-23 10:00:00+00:00,14.62,0.147662
2021-05-23 11:00:00+00:00,16.03,0.161903
2021-05-23 12:00:00+00:00,16.6,0.16766
2021-05-23 13:00:00+00:00,17.2,0.17372
2021-05-23 14:00:00+00:00,17.58,0.177558
2021-05-23 15:00:00+00:00,17.82,0.179982
2021-05-23 16:00:00+00:00,18.16,0.183416
2021-05-23 17:00:00+00:00,26.13,0.263913
2021-05-23 18:00:00+00:00,35.62,0.359762
2021-05-23 19:00:00+00:00,35.64,0.359964
2021-05-23 20:00:00+00:00,35.56,0.359156
2021-05-23 21:00:00+00:00,35.18,0.355318
2021-05-23 22:00:00+00:00,30.14,0.304414
2021-05-23 23:00:00+00:00,28.81,0.290981
2021-05-24 00:00:00+00:00,30.45,0.307545
2021-05-24 01:00:00+00:00,25.02,0.252702
2021-05-24 02:00:00+00:00,20.22,0.204222
2021-05-24 03:00:00+00:00,15.65,0.158065
2021-05-24 04:00:00+00:00,11.97,0.120897
2021-05-24 05:00:00+00:00,17.03,0.172003
2021-05-24 06:00:00+00:00,24.34,0.245834
2021-05-24 07:00:00+00:00,34.59,0.349359
2021-05-24 08:00:00+00:00,37.19,0.375619
2021-05-24 09:00:00+00:00,37.96,0.383396
2021-05-24 10:00:00+00:00,38.5,0.38885
2021-05-24 11:00:00+00:00,38.47,0.388547
2021-05-24 12:00:00+00:00,37.74,0.381174
2021-05-24 13:00:00+00:00,37.92,0.382992
2021-05-24 14:00:00+00:00,35.76,0.361176
2021-05-24 15:00:00+00:00,37.46,0.378346
2021-05-24 16:00:00+00:00,36.93,0.372993
2021-05-24 17:00:00+00:00,36.35,0.367135
2021-05-24 18:00:00+00:00,35.1,0.35451
2021-05-24 19:00:00+00:00,35.14,0.354914
2021-05-24 20:00:00+00:00,36.54,0.369054
2021-05-24 21:00:00+00:00,35.03,0.353803
2021-05-24 22:00:00+00:00,30.42,0.307242
2021-05-24 23:00:00+00:00,24.55,0.247955
2021-05-25 00:00:00+00:00,27.18,0.274518
2021-05-25 01:00:00+00:00,26.16,0.264216
2021-05-25 02:00:00+00:00,25.09,0.253409
2021-05-25 03:00:00+00:00,25.33,0.255833
2021-05-25 04:00:00+00:00,26.33,0.265933
2021-05-25 05:00:00+00:00,28.22,0.285022
2021-05-25 06:00:00+00:00,29.97,0.302697
2021-05-25 07:00:00+00:00,34.75,0.350975
2021-05-25 08:00:00+00:00,39.42,0.398142
2021-05-25 09:00:00+00:00,44.91,0.453591
2021-05-25 10:00:00+00:00,44.77,0.452177
2021-05-25 11:00:00+00:00,39.99,0.403899
2021-05-25 12:00:00+00:00,39.93,0.403293
2021-05-25 13:00:00+00:00,39.39,0.397839
2021-05-25 14:00:00+00:00,39.38,0.397738
2021-05-25 15:00:00+00:00,37.95,0.383295
2021-05-25 16:00:00+00:00,36.94,0.373094
2021-05-25 17:00:00+00:00,34.78,0.351278
2021-05-25 18:00:00+00:00,34.71,0.350571
2021-05-25 19:00:00+00:00,34.72,0.350672
2021-05-25 20:00:00+00:00,34.43,0.347743
2021-05-25 21:00:00+00:00,34.27,0.346127
2021-05-25 22:00:00+00:00,31.46,0.317746
2021-05-25 23:00:00+00:00,28.24,0.285224
2021-05-26 00:00:00+00:00,22.62,0.228462
2021-05-26 01:00:00+00:00,21.26,0.214726
2021-05-26 02:00:00+00:00,20.51,0.207151
2021-05-26 03:00:00+00:00,20.25,0.204525
2021-05-26 04:00:00+00:00,20.69,0.208969
2021-05-26 05:00:00+00:00,28.79,0.290779
2021-05-26 06:00:00+00:00,30.99,0.312999
2021-05-26 07:00:00+00:00,34.54,0.348854
2021-05-26 08:00:00+00:00,38.63,0.390163
2021-05-26 09:00:00+00:00,38.91,0.392991
2021-05-26 10:00:00+00:00,38.56,0.389456
2021-05-26 11:00:00+00:00,37.34,0.377134
2021-05-26 12:00:00+00:00,37.34,0.377134
2021-05-26 13:00:00+00:00,37.29,0.376629
2021-05-26 14:00:00+00:00,34.78,0.351278
2021-05-26 15:00:00+00:00,33.62,0.339562
2021-05-26 16:00:00+00:00,32.58,0.329058
2021-05-26 17:00:00+00:00,32.06,0.323806
2021-05-26 18:00:00+00:00,31.47,0.317847
2021-05-26 19:00:00+00:00,33.14,0.334714
2021-05-26 20:00:00+00:00,30.9,0.31209
2021-05-26 21:00:00+00:00,30.86,0.311686
2021-05-26 22:00:00+00:00,28.72,0.290072
2021-05-26 23:00:00+00:00,22.76,0.229876
2021-05-27 00:00:00+00:00,22.6,0.22826
2021-05-27 01:00:00+00:00,21.62,0.218362
2021-05-27 02:00:00+00:00,21.12,0.213312
2021-05-27 03:00:00+00:00,21.35,0.215635
2021-05-27 04:00:00+00:00,21.47,0.216847
2021-05-27 05:00:00+00:00,28.93,0.292193
2021-05-27 06:00:00+00:00,33.16,0.334916
2021-05-27 07:00:00+00:00,36.38,0.367438
2021-05-27 08:00:00+00:00,34.23,0.345723
2021-05-27 09:00:00+00:00,34.72,0.350672
2021-05-27 10:00:00+00:00,36.78,0.371478
2021-05-27 11:00:00+00:00,37.53,0.379053
2021-05-27 12:00:00+00:00,36.65,0.370165
2021-05-27 13:00:00+00:00,35.35,0.357035
2021-05-27 14:00:00+00:00,33.99,0.343299
2021-05-27 15:00:00+00:00,33.5,0.33835
2021-05-27 16:00:00+00:00,31.62,0.319362
2021-05-27 17:00:00+00:00,31.93,0.322493
2021-05-27 18:00:00+00:00,32.04,0.323604
2021-05-27 19:00:00+00:00,33.25,0.335825
2021-05-27 20:00:00+00:00,33.56,0.338956
2021-05-27 21:00:00+00:00,33.34,0.336734
2021-05-27 22:00:00+00:00,30.77,0.310777
2021-05-27 23:00:00+00:00,29.99,0.302899
2021-05-28 00:00:00+00:00,32.04,0.323604
2021-05-28 01:00:00+00:00,32.04,0.323604
2021-05-28 02:00:00+00:00,31.63,0.319463
2021-05-28 03:00:00+00:00,30.59,0.308959
2021-05-28 04:00:00+00:00,31.38,0.316938
2021-05-28 05:00:00+00:00,30.86,0.311686
2021-05-28 06:00:00+00:00,32.92,0.332492
2021-05-28 07:00:00+00:00,34.58,0.349258
2021-05-28 08:00:00+00:00,35.61,0.359661
2021-05-28 09:00:00+00:00,34.85,0.351985
2021-05-28 10:00:00+00:00,34.13,0.344713
2021-05-28 11:00:00+00:00,33.6,0.33936
2021-05-28 12:00:00+00:00,33.05,0.333805
2021-05-28 13:00:00+00:00,32.37,0.326937
2021-05-28 14:00:00+00:00,32.07,0.323907
2021-05-28 15:00:00+00:00,31.71,0.320271
2021-05-28 16:00:00+00:00,31.05,0.313605
2021-05-28 17:00:00+00:00,31.27,0.315827
2021-05-28 18:00:00+00:00,31.53,0.318453
2021-05-28 19:00:00+00:00,32.01,0.323301
2021-05-28 20:00:00+00:00,30.79,0.310979
2021-05-28 21:00:00+00:00,30.87,0.311787
2021-05-28 22:00:00+00:00,30.9,0.31209
2021-05-28 23:00:00+00:00,29.37,0.296637
2021-05-29 00:00:00+00:00,31.04,0.313504
2021-05-29 01:00:00+00:00,29.92,0.302192
2021-05-29 02:00:00+00:00,29.31,0.296031
2021-05-29 03:00:00+00:00,30.42,0.307242
2021-05-29 04:00:00+00:00,31.96,0.322796
2021-05-29 05:00:00+00:00,33.36,0.336936
2021-05-29 06:00:00+00:00,34.98,0.353298
2021-05-29 07:00:00+00:00,34.11,0.344511
2021-05-29 08:00:00+00:00,34.27,0.346127
2021-05-29 09:00:00+00:00,34.89,0.352389
2021-05-29 10:00:00+00:00,34.96,0.353096
2021-05-29 11:00:00+00:00,34.41,0.347541
2021-05-29 12:00:00+00:00,33.89,0.342289
2021-05-29 13:00:00+00:00,31.79,0.321079
2021-05-29 14:00:00+00:00,22.47,0.226947
2021-05-29 15:00:00+00:00,27.87,0.281487
2021-05-29 16:00:00+00:00,30.1,0.30401
2021-05-29 17:00:00+00:00,33.65,0.339865
2021-05-29 18:00:00+00:00,33.75,0.340875
2021-05-29 19:00:00+00:00,33.88,0.342188
2021-05-29 20:00:00+00:00,33.92,0.342592
2021-05-29 21:00:00+00:00,33.83,0.341683
2021-05-29 22:00:00+00:00,34.26,0.346026
2021-05-29 23:00:00+00:00,33.8,0.34138
2021-05-30 00:00:00+00:00,31.54,0.318554
2021-05-30 01:00:00+00:00,29.59,0.298859
2021-05-30 02:00:00+00:00,29.09,0.293809
2021-05-30 03:00:00+00:00,28.85,0.291385
2021-05-30 04:00:00+00:00,28.79,0.290779
2021-05-30 05:00:00+00:00,29.19,0.294819
2021-05-30 06:00:00+00:00,29.75,0.300475
2021-05-30 07:00:00+00:00,32.47,0.327947
2021-05-30 08:00:00+00:00,35.01,0.353601
2021-05-30 09:00:00+00:00,31.96,0.322796
2021-05-30 10:00:00+00:00,21.16,0.213716
2021-05-30 11:00:00+00:00,20.58,0.207858
2021-05-30 12:00:00+00:00,20.23,0.204323
2021-05-30 13:00:00+00:00,19.88,0.200788
2021-05-30 14:00:00+00:00,19.52,0.197152
2021-05-30 15:00:00+00:00,19.67,0.198667
2021-05-30 16:00:00+00:00,21.34,0.215534
2021-05-30 17:00:00+00:00,26.39,0.266539
2021-05-30 18:00:00+00:00,34.75,0.350975
2021-05-30 19:00:00+00:00,34.54,0.348854
2021-05-30 20:00:00+00:00,33.57,0.339057
2021-05-30 21:00:00+00:00,31.56,0.318756
2021-05-30 22:00:00+00:00,28.5,0.28785
2021-05-30 23:00:00+00:00,22.21,0.224321
2021-05-31 00:00:00+00:00,21.98,0.221998
2021-05-31 01:00:00+00:00,21.62,0.218362
2021-05-31 02:00:00+00:00,21.54,0.217554
2021-05-31 03:00:00+00:00,21.51,0.217251
2021-05-31 04:00:00+00:00,21.81,0.220281
2021-05-31 05:00:00+00:00,29.26,0.295526
2021-05-31 06:00:00+00:00,36.08,0.364408
2021-05-31 07:00:00+00:00,40.94,0.413494
2021-05-31 08:00:00+00:00,47.86,0.483386
2021-05-31 09:00:00+00:00,50.91,0.514191
2021-05-31 10:00:00+00:00,43.31,0.437431
2021-05-31 11:00:00+00:00,39.89,0.402889
2021-05-31 12:00:00+00:00,39.22,0.396122
2021-05-31 13:00:00+00:00,37.94,0.383194
2021-05-31 14:00:00+00:00,37.59,0.379659
2021-05-31 15:00:00+00:00,37.2,0.37572
2021-05-31 16:00:00+00:00,37.65,0.380265
2021-05-31 17:00:00+00:00,37.42,0.377942
2021-05-31 18:00:00+00:00,37.41,0.377841
2021-05-31 19:00:00+00:00,37.59,0.379659
2021-05-31 20:00:00+00:00,36.79,0.371579
2021-05-31 21:00:00+00:00,36.9,0.37269
2021-05-31 22:00:00+00:00,36.03,0.363903
2021-05-31 23:00:00+00:00,33.59,0.339259
2021-06-01 00:00:00+00:00,29.42,0.297142
2021-06-01 01:00:00+00:00,28.76,0.290476
2021-06-01 02:00:00+00:00,29.06,0.293506
2021-06-01 03:00:00+00:00,29.06,0.293506
2021-06-01 04:00:00+00:00,30.39,0.306939
2021-06-01 05:00:00+00:00,36.46,0.368246
2021-06-01 06:00:00+00:00,37.52,0.378952
2021-06-01 07:00:00+00:00,55.19,0.557419
2021-06-01 08:00:00+00:00,57.05,0.576205
2021-06-01 09:00:00+00:00,56.39,0.569539
2021-06-01 10:00:00+00:00,56.14,0.567014
2021-06-01 11:00:00+00:00,55.99,0.565499
2021-06-01 12:00:00+00:00,53.65,0.541865
2021-06-01 13:00:00+00:00,54.3,0.54843
2021-06-01 14:00:00+00:00,53.63,0.541663
2021-06-01 15:00:00+00:00,50.69,0.511969
2021-06-01 16:00:00+00:00,49.88,0.503788
2021-06-01 17:00:00+00:00,54.07,0.546107
2021-06-01 18:00:00+00:00,51.96,0.524796
2021-06-01 19:00:00+00:00,51.03,0.515403
2021-06-01 20:00:00+00:00,38.65,0.390365
2021-06-01 21:00:00+00:00,35.05,0.354005
2021-06-01 22:00:00+00:00,33.03,0.333603
2021-06-01 23:00:00+00:00,29.77,0.300677
2021-06-02 00:00:00+00:00,33.67,0.340067
2021-06-02 01:00:00+00:00,36.68,0.370468
2021-06-02 02:00:00+00:00,35.97,0.363297
2021-06-02 03:00:00+00:00,34.86,0.352086
2021-06-02 04:00:00+00:00,34.98,0.353298
2021-06-02 05:00:00+00:00,36.4,0.36764
2021-06-02 06:00:00+00:00,41.16,0.415716
2021-06-02 07:00:00+00:00,44.52,0.449652
2021-06-02 08:00:00+00:00,56.5,0.57065
2021-06-02 09:00:00+00:00,55.51,0.560651
2021-06-02 10:00:00+00:00,55.18,0.557318
2021-06-02 11:00:00+00:00,54.74,0.552874
2021-06-02 12:00:00+00:00,53.94,0.544794
2021-06-02 13:00:00+00:00,52.29,0.528129
2021-06-02 14:00:00+00:00,52.16,0.526816
2021-06-02 15:00:00+00:00,47.43,0.479043
2021-06-02 16:00:00+00:00,39.46,0.398546
2021-06-02 17:00:00+00:00,38.6,0.38986
2021-06-02 18:00:00+00:00,43.28,0.437128
2021-06-02 19:00:00+00:00,45.66,0.461166
2021-06-02 20:00:00+00:00,39.38,0.397738
2021-06-02 21:00:00+00:00,37.56,0.379356
2021-06-02 22:00:00+00:00,35.72,0.360772
2021-06-02 23:00:00+00:00,33.45,0.337845
2021-06-03 00:00:00+00:00,35.04,0.353904
2021-06-03 01:00:00+00:00,34.47,0.348147
2021-06-03 02:00:00+00:00,32.81,0.331381
2021-06-03 03:00:00+00:00,32.33,0.326533
2021-06-03 04:00:00+00:00,36.77,0.371377
2021-06-03 05:00:00+00:00,36.99,0.373599
2021-06-03 06:00:00+00:00,38.97,0.393597
2021-06-03 07:00:00+00:00,40.54,0.409454
2021-06-03 08:00:00+00:00,43.33,0.437633
2021-06-03 09:00:00+00:00,42.39,0.428139
2021-06-03 10:00:00+00:00,41.54,0.419554
2021-06-03 11:00:00+00:00,42.08,0.425008
2021-06-03 12:00:00+00:00,41.37,0.417837
2021-06-03 13:00:00+00:00,41.03,0.414403
2021-06-03 14:00:00+00:00,40.45,0.408545
2021-06-03 15:00:00+00:00,39.99,0.403899
2021-06-03 16:00:00+00:00,39.61,0.400061
2021-06-03 17:00:00+00:00,39.07,0.394607
2021-06-03 18:00:00+00:00,41.5,0.41915
2021-06-03 19:00:00+00:00,41.88,0.422988
2021-06-03 20:00:00+00:00,36.2,0.36562
2021-06-03 21:00:00+00:00,34.52,0.348652
2021-06-03 22:00:00+00:00,32.59,0.329159
2021-06-03 23:00:00+00:00,30.81,0.311181
2021-06-04 00:00:00+00:00,30.04,0.303404
2021-06-04 01:00:00+00:00,28.67,0.289567
2021-06-04 02:00:00+00:00,29.93,0.302293
2021-06-04 03:00:00+00:00,31.11,0.314211
2021-06-04 04:00:00+00:00,34.48,0.348248
2021-06-04 05:00:00+00:00,38.07,0.384507
2021-06-04 06:00:00+00:00,39.49,0.398849
2021-06-04 07:00:00+00:00,40.82,0.412282
2021-06-04 08:00:00+00:00,46.15,0.466115
2021-06-04 09:00:00+00:00,45.37,0.458237
2021-06-04 10:00:00+00:00,44.93,0.453793
2021-06-04 11:00:00+00:00,44.11,0.445511
2021-06-04 12:00:00+00:00,43.46,0.438946
2021-06-04 13:00:00+00:00,42.55,0.429755
2021-06-04 14:00:00+00:00,41.99,0.424099
2021-06-04 15:00:00+00:00,41.88,0.422988
2021-06-04 16:00:00+00:00,41.58,0.419958
2021-06-04 17:00:00+00:00,41.64,0.420564
2021-06-04 18:00:00+00:00,42.71,0.431371
2021-06-04 19:00:00+00:00,42.97,0.433997
2021-06-04 20:00:00+00:00,39.94,0.403394
2021-06-04 21:00:00+00:00,39.32,0.397132
2021-06-04 22:00:00+00:00,38.54,0.389254
2021-06-04 23:00:00+00:00,37.63,0.380063
2021-06-05 00:00:00+00:00,40.01,0.404101
2021-06-05 01:00:00+00:00,40.49,0.408949
2021-06-05 02:00:00+00:00,38.97,0.393597
2021-06-05 03:00:00+00:00,38.88,0.392688
2021-06-05 04:00:00+00:00,38.95,0.393395
2021-06-05 05:00:00+00:00,38.75,0.391375
2021-06-05 06:00:00+00:00,40.29,0.406929
2021-06-05 07:00:00+00:00,41.32,0.417332
2021-06-05 08:00:00+00:00,42.33,0.427533
2021-06-05 09:00:00+00:00,45.4,0.45854
2021-06-05 10:00:00+00:00,44.89,0.453389
2021-06-05 11:00:00+00:00,44.37,0.448137
2021-06-05 12:00:00+00:00,42.26,0.426826
2021-06-05 13:00:00+00:00,40.89,0.412989
2021-06-05 14:00:00+00:00,40.08,0.404808
2021-06-05 15:00:00+00:00,41.85,0.422685
2021-06-05 16:00:00+00:00,42.54,0.429654
2021-06-05 17:00:00+00:00,41.66,0.420766
2021-06-05 18:00:00+00:00,42.7,0.43127
2021-06-05 19:00:00+00:00,43.17,0.436017
2021-06-05 20:00:00+00:00,42.97,0.433997
2021-06-05 21:00:00+00:00,42.35,0.427735
2021-06-05 22:00:00+00:00,41.29,0.417029
2021-06-05 23:00:00+00:00,39.14,0.395314
2021-06-06 00:00:00+00:00,40.65,0.410565
2021-06-06 01:00:00+00:00,41.19,0.416019
2021-06-06 02:00:00+00:00,40.47,0.408747
2021-06-06 03:00:00+00:00,40.35,0.407535
2021-06-06 04:00:00+00:00,39.44,0.398344
2021-06-06 05:00:00+00:00,38.75,0.391375
2021-06-06 06:00:00+00:00,39.46,0.398546
2021-06-06 07:00:00+00:00,39.5,0.39895
2021-06-06 08:00:00+00:00,40.48,0.408848
2021-06-06 09:00:00+00:00,42.36,0.427836
2021-06-06 10:00:00+00:00,42.73,0.431573
2021-06-06 11:00:00+00:00,43.15,0.435815
2021-06-06 12:00:00+00:00,40.63,0.410363
2021-06-06 13:00:00+00:00,40.67,0.410767
2021-06-06 14:00:00+00:00,40.79,0.411979
2021-06-06 15:00:00+00:00,40.88,0.412888
2021-06-06 16:00:00+00:00,41.06,0.414706
2021-06-06 17:00:00+00:00,41.91,0.423291
2021-06-06 18:00:00+00:00,42.95,0.433795
2021-06-06 19:00:00+00:00,41.49,0.419049
2021-06-06 20:00:00+00:00,41.11,0.415211
2021-06-06 21:00:00+00:00,40.71,0.411171
2021-06-06 22:00:00+00:00,40.25,0.406525
2021-06-06 23:00:00+00:00,39.21,0.396021
2021-06-07 00:00:00+00:00,40.38,0.407838
2021-06-07 01:00:00+00:00,41.17,0.415817
2021-06-07 02:00:00+00:00,40.62,0.410262
2021-06-07 03:00:00+00:00,40.64,0.410464
2021-06-07 04:00:00+00:00,41.53,0.419453
2021-06-07 05:00:00+00:00,43.9,0.44339
2021-06-07 06:00:00+00:00,48.44,0.489244
2021-06-07 07:00:00+00:00,57.55,0.581255
2021-06-07 08:00:00+00:00,73.98,0.747198
2021-06-07 09:00:00+00:00,78.73,0.795173
2021-06-07 10:00:00+00:00,78.2,0.78982
2021-06-07 11:00:00+00:00,81,0.8181
2021-06-07 12:00:00+00:00,70,0.707
2021-06-07 13:00:00+00:00,60.83,0.614383
2021-06-07 14:00:00+00:00,60.72,0.613272
2021-06-07 15:00:00+00:00,58.6,0.59186
2021-06-07 16:00:00+00:00,57.16,0.577316
2021-06-07 17:00:00+00:00,57.43,0.580043
2021-06-07 18:00:00+00:00,57.41,0.579841
2021-06-07 19:00:00+00:00,56.48,0.570448
2021-06-07 20:00:00+00:00,49.9,0.50399
2021-06-07 21:00:00+00:00,49.11,0.496011
2021-06-07 22:00:00+00:00,48.05,0.485305
2021-06-07 23:00:00+00:00,45.28,0.457328
2021-06-08 00:00:00+00:00,46.47,0.469347
2021-06-08 01:00:00+00:00,46.06,0.465206
2021-06-08 02:00:00+00:00,45.55,0.460055
2021-06-08 03:00:00+00:00,45.03,0.454803
2021-06-08 04:00:00+00:00,45.83,0.462883
2021-06-08 05:00:00+00:00,48.03,0.485103
2021-06-08 06:00:00+00:00,51.46,0.519746
2021-06-08 07:00:00+00:00,57.48,0.580548
2021-06-08 08:00:00+00:00,59.72,0.603172
2021-06-08 09:00:00+00:00,59.31,0.599031
2021-06-08 10:00:00+00:00,58.93,0.595193
2021-06-08 11:00:00+00:00,58.56,0.591456
2021-06-08 12:00:00+00:00,58.38,0.589638
2021-06-08 13:00:00+00:00,57.93,0.585093
2021-06-08 14:00:00+00:00,58,0.5858
2021-06-08 15:00:00+00:00,57.47,0.580447
2021-06-08 16:00:00+00:00,56.75,0.573175
2021-06-08 17:00:00+00:00,57.51,0.580851
2021-06-08 18:00:00+00:00,52.9,0.53429
2021-06-08 19:00:00+00:00,57.47,0.580447
2021-06-08 20:00:00+00:00,51.96,0.524796
2021-06-08 21:00:00+00:00,50.28,0.507828
2021-06-08 22:00:00+00:00,50.04,0.505404
2021-06-08 23:00:00+00:00,48.88,0.493688
2021-06-09 00:00:00+00:00,50.63,0.511363
2021-06-09 01:00:00+00:00,50.4,0.50904
2021-06-09 02:00:00+00:00,50.3,0.50803
2021-06-09 03:00:00+00:00,50.01,0.505101
2021-06-09 04:00:00+00:00,50.04,0.505404
2021-06-09 05:00:00+00:00,49.41,0.499041
2021-06-09 06:00:00+00:00,51.58,0.520958
2021-06-09 07:00:00+00:00,57.98,0.585598
2021-06-09 08:00:00+00:00,61.52,0.621352
2021-06-09 09:00:00+00:00,63.56,0.641956
2021-06-09 10:00:00+00:00,63.01,0.636401
2021-06-09 11:00:00+00:00,60.68,0.612868
2021-06-09 12:00:00+00:00,58.46,0.590446
2021-06-09 13:00:00+00:00,58.34,0.589234
2021-06-09 14:00:00+00:00,58.33,0.589133
2021-06-09 15:00:00+00:00,57.39,0.579639
2021-06-09 16:00:00+00:00,57.22,0.577922
2021-06-09 17:00:00+00:00,55.7,0.56257
2021-06-09 18:00:00+00:00,54.51,0.550551
2021-06-09 19:00:00+00:00,54.44,0.549844
2021-06-09 20:00:00+00:00,49.12,0.496112
2021-06-09 21:00:00+00:00,48.72,0.492072
2021-06-09 22:00:00+00:00,48.38,0.488638
2021-06-09 23:00:00+00:00,41.91,0.423291
2021-06-10 00:00:00+00:00,47.52,0.479952
2021-06-10 01:00:00+00:00,48.79,0.492779
2021-06-10 02:00:00+00:00,47.21,0.476821
2021-06-10 03:00:00+00:00,46.52,0.469852
2021-06-10 04:00:00+00:00,48.68,0.491668
2021-06-10 05:00:00+00:00,48.54,0.490254
2021-06-10 06:00:00+00:00,51.45,0.519645
2021-06-10 07:00:00+00:00,56.91,0.574791
2021-06-10 08:00:00+00:00,64.38,0.650238
2021-06-10 09:00:00+00:00,64.3,0.64943
2021-06-10 10:00:00+00:00,64.21,0.648521
2021-06-10 11:00:00+00:00,58.31,0.588931
2021-06-10 12:00:00+00:00,58.78,0.593678
2021-06-10 13:00:00+00:00,58.4,0.58984
2021-06-10 14:00:00+00:00,57.35,0.579235
2021-06-10 15:00:00+00:00,50.52,0.510252
2021-06-10 16:00:00+00:00,49.69,0.501869
2021-06-10 17:00:00+00:00,49.78,0.502778
2021-06-10 18:00:00+00:00,49.54,0.500354
2021-06-10 19:00:00+00:00,49.56,0.500556
2021-06-10 20:00:00+00:00,45.76,0.462176
2021-06-10 21:00:00+00:00,43.53,0.439653
2021-06-10 22:00:00+00:00,41.62,0.420362
2021-06-10 23:00:00+00:00,41.7,0.42117
2021-06-11 00:00:00+00:00,37.98,0.383598
2021-06-11 01:00:00+00:00,34.26,0.346026
2021-06-11 02:00:00+00:00,33.45,0.337845
2021-06-11 03:00:00+00:00,33.41,0.337441
2021-06-11 04:00:00+00:00,33.4,0.33734
2021-06-11 05:00:00+00:00,40.32,0.407232
2021-06-11 06:00:00+00:00,45.68,0.461368
2021-06-11 07:00:00+00:00,48.55,0.490355
2021-06-11 08:00:00+00:00,47.2,0.47672
2021-06-11 09:00:00+00:00,45.44,0.458944
2021-06-11 10:00:00+00:00,43.47,0.439047
2021-06-11 11:00:00+00:00,40.3,0.40703
2021-06-11 12:00:00+00:00,38.45,0.388345
2021-06-11 13:00:00+00:00,35.57,0.359257
2021-06-11 14:00:00+00:00,34.86,0.352086
2021-06-11 15:00:00+00:00,34.13,0.344713
2021-06-11 16:00:00+00:00,34.18,0.345218
2021-06-11 17:00:00+00:00,33.92,0.342592
2021-06-11 18:00:00+00:00,33.99,0.343299
2021-06-11 19:00:00+00:00,33.97,0.343097
2021-06-11 20:00:00+00:00,34.15,0.344915
2021-06-11 21:00:00+00:00,33.48,0.338148
2021-06-11 22:00:00+00:00,33.43,0.337643
2021-06-11 23:00:00+00:00,31.65,0.319665
2021-06-12 00:00:00+00:00,14.02,0.141602
2021-06-12 01:00:00+00:00,13.12,0.132512
2021-06-12 02:00:00+00:00,10.42,0.105242
2021-06-12 03:00:00+00:00,10,0.101
2021-06-12 04:00:00+00:00,10,0.101
2021-06-12 05:00:00+00:00,11.8,0.11918
2021-06-12 06:00:00+00:00,15.11,0.152611
2021-06-12 07:00:00+00:00,16.55,0.167155
2021-06-12 08:00:00+00:00,22.37,0.225937
2021-06-12 09:00:00+00:00,22.73,0.229573
2021-06-12 10:00:00+00:00,22.95,0.231795
2021-06-12 11:00:00+00:00,24.53,0.247753
2021-06-12 12:00:00+00:00,17.92,0.180992
2021-06-12 13:00:00+00:00,6.78,0.068478
2021-06-12 14:00:00+00:00,4.74,0.047874
2021-06-12 15:00:00+00:00,1.91,0.019291
2021-06-12 16:00:00+00:00,3.38,0.034138
2021-06-12 17:00:00+00:00,1.63,0.016463
2021-06-12 18:00:00+00:00,19.91,0.201091
2021-06-12 19:00:00+00:00,31.15,0.314615
2021-06-12 20:00:00+00:00,31.09,0.314009
2021-06-12 21:00:00+00:00,31.07,0.313807
2021-06-12 22:00:00+00:00,29.67,0.299667
2021-06-12 23:00:00+00:00,24.89,0.251389
2021-06-13 00:00:00+00:00,20.41,0.206141
2021-06-13 01:00:00+00:00,9.94,0.100394
2021-06-13 02:00:00+00:00,7.05,0.071205
2021-06-13 03:00:00+00:00,4.87,0.049187
2021-06-13 04:00:00+00:00,4.44,0.044844
2021-06-13 05:00:00+00:00,3.04,0.030704
2021-06-13 06:00:00+00:00,3.76,0.037976
2021-06-13 07:00:00+00:00,8.26,0.083426
2021-06-13 08:00:00+00:00,4.05,0.040905
2021-06-13 09:00:00+00:00,2.52,0.025452
2021-06-13 10:00:00+00:00,2.56,0.025856
2021-06-13 11:00:00+00:00,1.51,0.015251
2021-06-13 12:00:00+00:00,1.42,0.014342
2021-06-13 13:00:00+00:00,1.14,0.011514
2021-06-13 14:00:00+00:00,1.46,0.014746
2021-06-13 15:00:00+00:00,3.95,0.039895
2021-06-13 16:00:00+00:00,20.03,0.202303
2021-06-13 17:00:00+00:00,28.73,0.290173
2021-06-13 18:00:00+00:00,30.98,0.312898
2021-06-13 19:00:00+00:00,34.86,0.352086
2021-06-13 20:00:00+00:00,37.11,0.374811
2021-06-13 21:00:00+00:00,36.88,0.372488
2021-06-13 22:00:00+00:00,36.28,0.366428
2021-06-13 23:00:00+00:00,30.6,0.30906
2021-06-14 00:00:00+00:00,27.97,0.282497
2021-06-14 01:00:00+00:00,26.29,0.265529
2021-06-14 02:00:00+00:00,24.17,0.244117
2021-06-14 03:00:00+00:00,26.86,0.271286
2021-06-14 04:00:00+00:00,28.48,0.287648
2021-06-14 05:00:00+00:00,28.05,0.283305
2021-06-14 06:00:00+00:00,29.35,0.296435
2021-06-14 07:00:00+00:00,32.79,0.331179
2021-06-14 08:00:00+00:00,33.09,0.334209
2021-06-14 09:00:00+00:00,33.97,0.343097
2021-06-14 10:00:00+00:00,34.83,0.351783
2021-06-14 11:00:00+00:00,35.3,0.35653
2021-06-14 12:00:00+00:00,36.52,0.368852
2021-06-14 13:00:00+00:00,35.72,0.360772
2021-06-14 14:00:00+00:00,34.33,0.346733
2021-06-14 15:00:00+00:00,33.39,0.337239
2021-06-14 16:00:00+00:00,32.13,0.324513
2021-06-14 17:00:00+00:00,29.83,0.301283
2021-06-14 18:00:00+00:00,29.19,0.294819
2021-06-14 19:00:00+00:00,24.16,0.244016
2021-06-14 20:00:00+00:00,22.16,0.223816
2021-06-14 21:00:00+00:00,20.06,0.202606
2021-06-14 22:00:00+00:00,19.28,0.194728
2021-06-14 23:00:00+00:00,14.47,0.146147
2021-06-15 00:00:00+00:00,18.04,0.182204
2021-06-15 01:00:00+00:00,10.02,0.101202
2021-06-15 02:00:00+00:00,4.98,0.050298
2021-06-15 03:00:00+00:00,1.8,0.01818
2021-06-15 04:00:00+00:00,3.17,0.032017
2021-06-15 05:00:00+00:00,14.45,0.145945
2021-06-15 06:00:00+00:00,22.07,0.222907
2021-06-15 07:00:00+00:00,23.76,0.239976
2021-06-15 08:00:00+00:00,23.92,0.241592
2021-06-15 09:00:00+00:00,23.65,0.238865
2021-06-15 10:00:00+00:00,24.94,0.251894
2021-06-15 11:00:00+00:00,23.89,0.241289
2021-06-15 12:00:00+00:00,22.78,0.230078
2021-06-15 13:00:00+00:00,23.09,0.233209
2021-06-15 14:00:00+00:00,24.28,0.245228
2021-06-15 15:00:00+00:00,23.95,0.241895
2021-06-15 16:00:00+00:00,24.29,0.245329
2021-06-15 17:00:00+00:00,23.96,0.241996
2021-06-15 18:00:00+00:00,25.78,0.260378
2021-06-15 19:00:00+00:00,26.03,0.262903
2021-06-15 20:00:00+00:00,26.29,0.265529
2021-06-15 21:00:00+00:00,28.37,0.286537
2021-06-15 22:00:00+00:00,30.1,0.30401
2021-06-15 23:00:00+00:00,30.79,0.310979
2021-06-16 00:00:00+00:00,31.97,0.322897
2021-06-16 01:00:00+00:00,31.97,0.322897
2021-06-16 02:00:00+00:00,32.01,0.323301
2021-06-16 03:00:00+00:00,31.75,0.320675
2021-06-16 04:00:00+00:00,31.62,0.319362
2021-06-16 05:00:00+00:00,31.51,0.318251
2021-06-16 06:00:00+00:00,33.12,0.334512
2021-06-16 07:00:00+00:00,33.97,0.343097
2021-06-16 08:00:00+00:00,34.7,0.35047
2021-06-16 09:00:00+00:00,34.65,0.349965
2021-06-16 10:00:00+00:00,33.09,0.334209
2021-06-16 11:00:00+00:00,33.32,0.336532
2021-06-16 12:00:00+00:00,33.41,0.337441
2021-06-16 13:00:00+00:00,33.41,0.337441
2021-06-16 14:00:00+00:00,33.4,0.33734
2021-06-16 15:00:00+00:00,33.21,0.335421
2021-06-16 16:00:00+00:00,33.64,0.339764
2021-06-16 17:00:00+00:00,33.36,0.336936
2021-06-16 18:00:00+00:00,31.59,0.319059
2021-06-16 19:00:00+00:00,31.98,0.322998
2021-06-16 20:00:00+00:00,29.59,0.298859
2021-06-16 21:00:00+00:00,29.54,0.298354
2021-06-16 22:00:00+00:00,29.53,0.298253
2021-06-16 23:00:00+00:00,29.4,0.29694
2021-06-17 00:00:00+00:00,27.97,0.282497
2021-06-17 01:00:00+00:00,28.05,0.283305
2021-06-17 02:00:00+00:00,27.95,0.282295
2021-06-17 03:00:00+00:00,27.67,0.279467
2021-06-17 04:00:00+00:00,28.21,0.284921
2021-06-17 05:00:00+00:00,28.71,0.289971
2021-06-17 06:00:00+00:00,29.56,0.298556
2021-06-17 07:00:00+00:00,29.91,0.302091
2021-06-17 08:00:00+00:00,30.3,0.30603
2021-06-17 09:00:00+00:00,29.95,0.302495
2021-06-17 10:00:00+00:00,29.86,0.301586
2021-06-17 11:00:00+00:00,29.82,0.301182
2021-06-17 12:00:00+00:00,29.91,0.302091
2021-06-17 13:00:00+00:00,29.88,0.301788
2021-06-17 14:00:00+00:00,29.89,0.301889
2021-06-17 15:00:00+00:00,29.82,0.301182
2021-06-17 16:00:00+00:00,29.73,0.300273
2021-06-17 17:00:00+00:00,29.71,0.300071
2021-06-17 18:00:00+00:00,29.6,0.29896
2021-06-17 19:00:00+00:00,29.79,0.300879
2021-06-17 20:00:00+00:00,28.8,0.29088
2021-06-17 21:00:00+00:00,28.43,0.287143
2021-06-17 22:00:00+00:00,28.37,0.286537
2021-06-17 23:00:00+00:00,28.02,0.283002
2021-06-18 00:00:00+00:00,27.4,0.27674
2021-06-18 01:00:00+00:00,27.25,0.275225
2021-06-18 02:00:00+00:00,27.13,0.274013
2021-06-18 03:00:00+00:00,27.04,0.273104
2021-06-18 04:00:00+00:00,26.23,0.264923
2021-06-18 05:00:00+00:00,27,0.2727
2021-06-18 06:00:00+00:00,27.39,0.276639
2021-06-18 07:00:00+00:00,28.75,0.290375
2021-06-18 08:00:00+00:00,28.88,0.291688
2021-06-18 09:00:00+00:00,28.6,0.28886
2021-06-18 10:00:00+00:00,28.13,0.284113
2021-06-18 11:00:00+00:00,27.88,0.281588
2021-06-18 12:00:00+00:00,27.86,0.281386
2021-06-18 13:00:00+00:00,27.5,0.27775
2021-06-18 14:00:00+00:00,26.82,0.270882
2021-06-18 15:00:00+00:00,24.01,0.242501
2021-06-18 16:00:00+00:00,22.21,0.224321
2021-06-18 17:00:00+00:00,21.75,0.219675
2021-06-18 18:00:00+00:00,21.77,0.219877
2021-06-18 19:00:00+00:00,22.81,0.230381
2021-06-18 20:00:00+00:00,24.01,0.242501
2021-06-18 21:00:00+00:00,24.94,0.251894
2021-06-18 22:00:00+00:00,26.57,0.268357
2021-06-18 23:00:00+00:00,27.15,0.274215
2021-06-19 00:00:00+00:00,27.41,0.276841
2021-06-19 01:00:00+00:00,27.35,0.276235
2021-06-19 02:00:00+00:00,27.27,0.275427
2021-06-19 03:00:00+00:00,27.15,0.274215
2021-06-19 04:00:00+00:00,27.01,0.272801
2021-06-19 05:00:00+00:00,26.8,0.27068
2021-06-19 06:00:00+00:00,26.53,0.267953
2021-06-19 07:00:00+00:00,27.02,0.272902
2021-06-19 08:00:00+00:00,26.78,0.270478
2021-06-19 09:00:00+00:00,27.05,0.273205
2021-06-19 10:00:00+00:00,27.02,0.272902
2021-06-19 11:00:00+00:00,26.93,0.271993
2021-06-19 12:00:00+00:00,26.5,0.26765
2021-06-19 13:00:00+00:00,26.1,0.26361
2021-06-19 14:00:00+00:00,25.95,0.262095
2021-06-19 15:00:00+00:00,26.18,0.264418
2021-06-19 16:00:00+00:00,26.47,0.267347
2021-06-19 17:00:00+00:00,26.95,0.272195
2021-06-19 18:00:00+00:00,27.02,0.272902
2021-06-19 19:00:00+00:00,27.03,0.273003
2021-06-19 20:00:00+00:00,26.97,0.272397
2021-06-19 21:00:00+00:00,27.01,0.272801
2021-06-19 22:00:00+00:00,26.78,0.270478
2021-06-19 23:00:00+00:00,26.5,0.26765
2021-06-20 00:00:00+00:00,27.42,0.276942
2021-06-20 01:00:00+00:00,26.98,0.272498
2021-06-20 02:00:00+00:00,26.75,0.270175
2021-06-20 03:00:00+00:00,26.56,0.268256
2021-06-20 04:00:00+00:00,26.53,0.267953
2021-06-20 05:00:00+00:00,26.72,0.269872
2021-06-20 06:00:00+00:00,26.54,0.268054
2021-06-20 07:00:00+00:00,27.07,0.273407
2021-06-20 08:00:00+00:00,27.44,0.277144
2021-06-20 09:00:00+00:00,28.42,0.287042
2021-06-20 10:00:00+00:00,28.81,0.290981
2021-06-20 11:00:00+00:00,28.32,0.286032
2021-06-20 12:00:00+00:00,27.8,0.28078
2021-06-20 13:00:00+00:00,27.43,0.277043
2021-06-20 14:00:00+00:00,25.49,0.257449
2021-06-20 15:00:00+00:00,27.01,0.272801
2021-06-20 16:00:00+00:00,27.33,0.276033
2021-06-20 17:00:00+00:00,27.41,0.276841
2021-06-20 18:00:00+00:00,27.13,0.274013
2021-06-20 19:00:00+00:00,26.7,0.26967
2021-06-20 20:00:00+00:00,25.92,0.261792
2021-06-20 21:00:00+00:00,25.5,0.25755
2021-06-20 22:00:00+00:00,24.92,0.251692
2021-06-20 23:00:00+00:00,24.74,0.249874
2021-06-21 00:00:00+00:00,25.18,0.254318
2021-06-21 01:00:00+00:00,25.19,0.254419
2021-06-21 02:00:00+00:00,25.77,0.260277
2021-06-21 03:00:00+00:00,26.15,0.264115
2021-06-21 04:00:00+00:00,26.42,0.266842
2021-06-21 05:00:00+00:00,26.36,0.266236
2021-06-21 06:00:00+00:00,26.63,0.268963
2021-06-21 07:00:00+00:00,26.97,0.272397
2021-06-21 08:00:00+00:00,26.91,0.271791
2021-06-21 09:00:00+00:00,26.74,0.270074
2021-06-21 10:00:00+00:00,26.24,0.265024
2021-06-21 11:00:00+00:00,26.03,0.262903
2021-06-21 12:00:00+00:00,25.78,0.260378
2021-06-21 13:00:00+00:00,26.13,0.263913
2021-06-21 14:00:00+00:00,26.46,0.267246
2021-06-21 15:00:00+00:00,26.76,0.270276
2021-06-21 16:00:00+00:00,26.9,0.27169
2021-06-21 17:00:00+00:00,27.17,0.274417
2021-06-21 18:00:00+00:00,27.44,0.277144
2021-06-21 19:00:00+00:00,27.5,0.27775
2021-06-21 20:00:00+00:00,28.21,0.284921
2021-06-21 21:00:00+00:00,28.32,0.286032
2021-06-21 22:00:00+00:00,28.31,0.285931
2021-06-21 23:00:00+00:00,27.48,0.277548
2021-06-22 00:00:00+00:00,26.33,0.265933
2021-06-22 01:00:00+00:00,25.95,0.262095
2021-06-22 02:00:00+00:00,25.84,0.260984
2021-06-22 03:00:00+00:00,25.35,0.256035
2021-06-22 04:00:00+00:00,25.72,0.259772
2021-06-22 05:00:00+00:00,25.98,0.262398
2021-06-22 06:00:00+00:00,27.97,0.282497
2021-06-22 07:00:00+00:00,29.99,0.302899
2021-06-22 08:00:00+00:00,31.45,0.317645
2021-06-22 09:00:00+00:00,32.67,0.329967
2021-06-22 10:00:00+00:00,35,0.3535
2021-06-22 11:00:00+00:00,34.93,0.352793
2021-06-22 12:00:00+00:00,34.91,0.352591
2021-06-22 13:00:00+00:00,33.88,0.342188
2021-06-22 14:00:00+00:00,32.26,0.325826
2021-06-22 15:00:00+00:00,31.51,0.318251
2021-06-22 16:00:00+00:00,30.62,0.309262
2021-06-22 17:00:00+00:00,30.06,0.303606
2021-06-22 18:00:00+00:00,29.37,0.296637
2021-06-22 19:00:00+00:00,29.17,0.294617
2021-06-22 20:00:00+00:00,29,0.2929
2021-06-22 21:00:00+00:00,29.98,0.302798
2021-06-22 22:00:00+00:00,28.96,0.292496
2021-06-22 23:00:00+00:00,28.52,0.288052
2021-06-23 00:00:00+00:00,28.23,0.285123
2021-06-23 01:00:00+00:00,26.97,0.272397
2021-06-23 02:00:00+00:00,26.19,0.264519
2021-06-23 03:00:00+00:00,26.16,0.264216
2021-06-23 04:00:00+00:00,26.04,0.263004
2021-06-23 05:00:00+00:00,28.51,0.287951
2021-06-23 06:00:00+00:00,30.65,0.309565
2021-06-23 07:00:00+00:00,32.48,0.328048
2021-06-23 08:00:00+00:00,32.85,0.331785
2021-06-23 09:00:00+00:00,33.55,0.338855
2021-06-23 10:00:00+00:00,33.45,0.337845
2021-06-23 11:00:00+00:00,33.77,0.341077
2021-06-23 12:00:00+00:00,33.9,0.34239
2021-06-23 13:00:00+00:00,33.94,0.342794
2021-06-23 14:00:00+00:00,34.11,0.344511
2021-06-23 15:00:00+00:00,34.13,0.344713
2021-06-23 16:00:00+00:00,34.19,0.345319
2021-06-23 17:00:00+00:00,34.58,0.349258
2021-06-23 18:00:00+00:00,33.76,0.340976
2021-06-23 19:00:00+00:00,33.81,0.341481
2021-06-23 20:00:00+00:00,32.08,0.324008
2021-06-23 21:00:00+00:00,31.72,0.320372
2021-06-23 22:00:00+00:00,31.52,0.318352
2021-06-23 23:00:00+00:00,30.41,0.307141
2021-06-24 00:00:00+00:00,32.87,0.331987
2021-06-24 01:00:00+00:00,32.57,0.328957
2021-06-24 02:00:00+00:00,32.2,0.32522
2021-06-24 03:00:00+00:00,31.9,0.32219
2021-06-24 04:00:00+00:00,32.19,0.325119
2021-06-24 05:00:00+00:00,30.56,0.308656
2021-06-24 06:00:00+00:00,34.41,0.347541
2021-06-24 07:00:00+00:00,35.75,0.361075
2021-06-24 08:00:00+00:00,37.77,0.381477
2021-06-24 09:00:00+00:00,37.39,0.377639
2021-06-24 10:00:00+00:00,38.83,0.392183
2021-06-24 11:00:00+00:00,39.76,0.401576
2021-06-24 12:00:00+00:00,38.93,0.393193
2021-06-24 13:00:00+00:00,38.84,0.392284
2021-06-24 14:00:00+00:00,38.59,0.389759
2021-06-24 15:00:00+00:00,38.33,0.387133
2021-06-24 16:00:00+00:00,37.28,0.376528
2021-06-24 17:00:00+00:00,36.43,0.367943
2021-06-24 18:00:00+00:00,37.24,0.376124
2021-06-24 19:00:00+00:00,37.29,0.376629
2021-06-24 20:00:00+00:00,35.44,0.357944
2021-06-24 21:00:00+00:00,35.7,0.36057
2021-06-24 22:00:00+00:00,33.78,0.341178
2021-06-24 23:00:00+00:00,31.39,0.317039
2021-06-25 00:00:00+00:00,31.84,0.321584
2021-06-25 01:00:00+00:00,30.38,0.306838
2021-06-25 02:00:00+00:00,30.21,0.305121
2021-06-25 03:00:00+00:00,30.23,0.305323
2021-06-25 04:00:00+00:00,30.17,0.304717
2021-06-25 05:00:00+00:00,31.95,0.322695
2021-06-25 06:00:00+00:00,32.87,0.331987
2021-06-25 07:00:00+00:00,33.96,0.342996
2021-06-25 08:00:00+00:00,35.75,0.361075
2021-06-25 09:00:00+00:00,36.47,0.368347
2021-06-25 10:00:00+00:00,37.15,0.375215
2021-06-25 11:00:00+00:00,37.11,0.374811
2021-06-25 12:00:00+00:00,36.51,0.368751
2021-06-25 13:00:00+00:00,35.8,0.36158
2021-06-25 14:00:00+00:00,35.18,0.355318
2021-06-25 15:00:00+00:00,33.13,0.334613
2021-06-25 16:00:00+00:00,32.58,0.329058
2021-06-25 17:00:00+00:00,33.5,0.33835
2021-06-25 18:00:00+00:00,34.01,0.343501
2021-06-25 19:00:00+00:00,33.48,0.338148
2021-06-25 20:00:00+00:00,32.15,0.324715
2021-06-25 21:00:00+00:00,31.22,0.315322
2021-06-25 22:00:00+00:00,30.1,0.30401
2021-06-25 23:00:00+00:00,30.01,0.303101
2021-06-26 00:00:00+00:00,32.14,0.324614
2021-06-26 01:00:00+00:00,32.11,0.324311
2021-06-26 02:00:00+00:00,32.06,0.323806
2021-06-26 03:00:00+00:00,32.06,0.323806
2021-06-26 04:00:00+00:00,32.12,0.324412
2021-06-26 05:00:00+00:00,32.3,0.32623
2021-06-26 06:00:00+00:00,32.86,0.331886
2021-06-26 07:00:00+00:00,33.32,0.336532
2021-06-26 08:00:00+00:00,34.1,0.34441
2021-06-26 09:00:00+00:00,34.79,0.351379
2021-06-26 10:00:00+00:00,34.67,0.350167
2021-06-26 11:00:00+00:00,34.57,0.349157
2021-06-26 12:00:00+00:00,34.33,0.346733
2021-06-26 13:00:00+00:00,34.17,0.345117
2021-06-26 14:00:00+00:00,33.95,0.342895
2021-06-26 15:00:00+00:00,33.77,0.341077
2021-06-26 16:00:00+00:00,34.07,0.344107
2021-06-26 17:00:00+00:00,34.26,0.346026
2021-06-26 18:00:00+00:00,34.44,0.347844
2021-06-26 19:00:00+00:00,34.37,0.347137
2021-06-26 20:00:00+00:00,34.05,0.343905
2021-06-26 21:00:00+00:00,33.05,0.333805
2021-06-26 22:00:00+00:00,32.77,0.330977
2021-06-26 23:00:00+00:00,32.3,0.32623
2021-06-27 00:00:00+00:00,31.97,0.322897
2021-06-27 01:00:00+00:00,31.19,0.315019
2021-06-27 02:00:00+00:00,30.49,0.307949
2021-06-27 03:00:00+00:00,29.42,0.297142
2021-06-27 04:00:00+00:00,28.92,0.292092
2021-06-27 05:00:00+00:00,27.93,0.282093
2021-06-27 06:00:00+00:00,29.95,0.302495
2021-06-27 07:00:00+00:00,30.09,0.303909
2021-06-27 08:00:00+00:00,31.76,0.320776
2021-06-27 09:00:00+00:00,33,0.3333
2021-06-27 10:00:00+00:00,33.5,0.33835
2021-06-27 11:00:00+00:00,34,0.3434
2021-06-27 12:00:00+00:00,33.98,0.343198
2021-06-27 13:00:00+00:00,32.29,0.326129
2021-06-27 14:00:00+00:00,31.23,0.315423
2021-06-27 15:00:00+00:00,31.95,0.322695
2021-06-27 16:00:00+00:00,34.26,0.346026
2021-06-27 17:00:00+00:00,34.6,0.34946
2021-06-27 18:00:00+00:00,34.64,0.349864
2021-06-27 19:00:00+00:00,34.83,0.351783
2021-06-27 20:00:00+00:00,34.54,0.348854
2021-06-27 21:00:00+00:00,34.23,0.345723
2021-06-27 22:00:00+00:00,33.5,0.33835
2021-06-27 23:00:00+00:00,32.33,0.326533
2021-06-28 00:00:00+00:00,33.4,0.33734
2021-06-28 01:00:00+00:00,33.62,0.339562
2021-06-28 02:00:00+00:00,33.52,0.338552
2021-06-28 03:00:00+00:00,33.13,0.334613
2021-06-28 04:00:00+00:00,32.17,0.324917
2021-06-28 05:00:00+00:00,34.25,0.345925
2021-06-28 06:00:00+00:00,35.68,0.360368
2021-06-28 07:00:00+00:00,36.23,0.365923
2021-06-28 08:00:00+00:00,36.95,0.373195
2021-06-28 09:00:00+00:00,37.02,0.373902
2021-06-28 10:00:00+00:00,37.1,0.37471
2021-06-28 11:00:00+00:00,37.07,0.374407
2021-06-28 12:00:00+00:00,37.07,0.374407
2021-06-28 13:00:00+00:00,36.74,0.371074
2021-06-28 14:00:00+00:00,36.59,0.369559
2021-06-28 15:00:00+00:00,36.66,0.370266
2021-06-28 16:00:00+00:00,36.49,0.368549
2021-06-28 17:00:00+00:00,36.38,0.367438
2021-06-28 18:00:00+00:00,36.33,0.366933
2021-06-28 19:00:00+00:00,36.37,0.367337
2021-06-28 20:00:00+00:00,35.79,0.361479
2021-06-28 21:00:00+00:00,35.47,0.358247
2021-06-28 22:00:00+00:00,35.2,0.35552
2021-06-28 23:00:00+00:00,34.95,0.352995
2021-06-29 00:00:00+00:00,35.93,0.362893
2021-06-29 01:00:00+00:00,35.64,0.359964
2021-06-29 02:00:00+00:00,35.46,0.358146
2021-06-29 03:00:00+00:00,35.33,0.356833
2021-06-29 04:00:00+00:00,35.42,0.357742
2021-06-29 05:00:00+00:00,35.73,0.360873
2021-06-29 06:00:00+00:00,36.86,0.372286
2021-06-29 07:00:00+00:00,38.98,0.393698
2021-06-29 08:00:00+00:00,41.98,0.423998
2021-06-29 09:00:00+00:00,41.89,0.423089
2021-06-29 10:00:00+00:00,41.65,0.420665
2021-06-29 11:00:00+00:00,40.96,0.413696
2021-06-29 12:00:00+00:00,39.8,0.40198
2021-06-29 13:00:00+00:00,38.33,0.387133
2021-06-29 14:00:00+00:00,38.46,0.388446
2021-06-29 15:00:00+00:00,36.94,0.373094
2021-06-29 16:00:00+00:00,36.75,0.371175
2021-06-29 17:00:00+00:00,36.43,0.367943
2021-06-29 18:00:00+00:00,35.92,0.362792
2021-06-29 19:00:00+00:00,35.81,0.361681
2021-06-29 20:00:00+00:00,35.16,0.355116
2021-06-29 21:00:00+00:00,35.11,0.354611
2021-06-29 22:00:00+00:00,35.17,0.355217
2021-06-29 23:00:00+00:00,34.37,0.347137
2021-06-30 00:00:00+00:00,35.23,0.355823
2021-06-30 01:00:00+00:00,34.45,0.347945
2021-06-30 02:00:00+00:00,34.18,0.345218
2021-06-30 03:00:00+00:00,34.13,0.344713
2021-06-30 04:00:00+00:00,34.19,0.345319
2021-06-30 05:00:00+00:00,35.51,0.358651
2021-06-30 06:00:00+00:00,37.52,0.378952
2021-06-30 07:00:00+00:00,38.3,0.38683
2021-06-30 08:00:00+00:00,38.55,0.389355
2021-06-30 09:00:00+00:00,38.62,0.390062
2021-06-30 10:00:00+00:00,38.78,0.391678
2021-06-30 11:00:00+00:00,38.95,0.393395
2021-06-30 12:00:00+00:00,39.74,0.401374
2021-06-30 13:00:00+00:00,40.54,0.409454
2021-06-30 14:00:00+00:00,41.16,0.415716
2021-06-30 15:00:00+00:00,39.82,0.402182
2021-06-30 16:00:00+00:00,39.48,0.398748
2021-06-30 17:00:00+00:00,39.13,0.395213
2021-06-30 18:00:00+00:00,39.88,0.402788
2021-06-30 19:00:00+00:00,40.04,0.404404
2021-06-30 20:00:00+00:00,39.11,0.395011
2021-06-30 21:00:00+00:00,38.9,0.39289
2021-06-30 22:00:00+00:00,38.55,0.389355
2021-06-30 23:00:00+00:00,37.86,0.382386
